semana_fiscal,categoria,tienda,inventario_inicial,unidades_vendidas
1,Mujer,Tienda Norte,227,136
1,Mujer,Tienda Sur,133,96
1,Mujer,Tienda Centro,191,144
1,Mujer,Tienda Oriente,183,127
1,Mujer,Tienda Poniente,186,130
1,Niños,Tienda Norte,100,30
1,Niños,Tienda Sur,57,21
1,Niños,Tienda Centro,83,34
1,Niños,Tienda Oriente,77,23
1,Niños,Tienda Poniente,74,15
1,Calzado,Tienda Norte,104,33
1,Calzado,Tienda Sur,62,23
1,Calzado,Tienda Centro,73,20
1,Calzado,Tienda Oriente,56,21
1,Calzado,Tienda Poniente,80,33
1,Hombre,Tienda Norte,67,14
1,Hombre,Tienda Sur,52,12
1,Hombre,Tienda Centro,57,14
1,Hombre,Tienda Oriente,51,15
1,Hombre,Tienda Poniente,65,14
1,Accesorios,Tienda Norte,151,109
1,Accesorios,Tienda Sur,96,78
1,Accesorios,Tienda Centro,123,99
1,Accesorios,Tienda Oriente,121,87
1,Accesorios,Tienda Poniente,110,64
2,Mujer,Tienda Norte,140,32
2,Mujer,Tienda Sur,97,38
2,Mujer,Tienda Centro,145,37
2,Mujer,Tienda Oriente,97,21
2,Mujer,Tienda Poniente,123,26
2,Niños,Tienda Norte,100,37
2,Niños,Tienda Sur,62,16
2,Niños,Tienda Centro,98,41
2,Niños,Tienda Oriente,69,20
2,Niños,Tienda Poniente,83,28
2,Calzado,Tienda Norte,101,34
2,Calzado,Tienda Sur,61,20
2,Calzado,Tienda Centro,72,24
2,Calzado,Tienda Oriente,61,23
2,Calzado,Tienda Poniente,70,30
2,Hombre,Tienda Norte,84,29
2,Hombre,Tienda Sur,44,17
2,Hombre,Tienda Centro,69,22
2,Hombre,Tienda Oriente,56,20
2,Hombre,Tienda Poniente,63,18
2,Accesorios,Tienda Norte,130,38
2,Accesorios,Tienda Sur,76,29
2,Accesorios,Tienda Centro,103,26
2,Accesorios,Tienda Oriente,84,33
2,Accesorios,Tienda Poniente,82,31
3,Mujer,Tienda Norte,242,152
3,Mujer,Tienda Sur,130,89
3,Mujer,Tienda Centro,226,152
3,Mujer,Tienda Oriente,169,114
3,Mujer,Tienda Poniente,205,145
3,Niños,Tienda Norte,107,39
3,Niños,Tienda Sur,69,16
3,Niños,Tienda Centro,77,22
3,Niños,Tienda Oriente,81,23
3,Niños,Tienda Poniente,81,33
3,Calzado,Tienda Norte,85,34
3,Calzado,Tienda Sur,60,16
3,Calzado,Tienda Centro,76,17
3,Calzado,Tienda Oriente,61,24
3,Calzado,Tienda Poniente,68,26
3,Hombre,Tienda Norte,72,20
3,Hombre,Tienda Sur,53,16
3,Hombre,Tienda Centro,74,25
3,Hombre,Tienda Oriente,60,17
3,Hombre,Tienda Poniente,52,13
3,Accesorios,Tienda Norte,99,28
3,Accesorios,Tienda Sur,68,25
3,Accesorios,Tienda Centro,99,34
3,Accesorios,Tienda Oriente,78,20
3,Accesorios,Tienda Poniente,77,16
4,Mujer,Tienda Norte,143,49
4,Mujer,Tienda Sur,94,33
4,Mujer,Tienda Centro,144,32
4,Mujer,Tienda Oriente,100,29
4,Mujer,Tienda Poniente,109,37
4,Niños,Tienda Norte,108,37
4,Niños,Tienda Sur,67,26
4,Niños,Tienda Centro,78,19
4,Niños,Tienda Oriente,75,20
4,Niños,Tienda Poniente,85,30
4,Calzado,Tienda Norte,94,24
4,Calzado,Tienda Sur,53,17
4,Calzado,Tienda Centro,69,16
4,Calzado,Tienda Oriente,71,23
4,Calzado,Tienda Poniente,67,21
4,Hombre,Tienda Norte,84,22
4,Hombre,Tienda Sur,52,18
4,Hombre,Tienda Centro,72,30
4,Hombre,Tienda Oriente,58,16
4,Hombre,Tienda Poniente,51,14
4,Accesorios,Tienda Norte,105,46
4,Accesorios,Tienda Sur,78,20
4,Accesorios,Tienda Centro,96,21
4,Accesorios,Tienda Oriente,83,22
4,Accesorios,Tienda Poniente,85,29
5,Mujer,Tienda Norte,170,58
5,Mujer,Tienda Sur,101,24
5,Mujer,Tienda Centro,123,36
5,Mujer,Tienda Oriente,121,32
5,Mujer,Tienda Poniente,137,37
5,Niños,Tienda Norte,140,100
5,Niños,Tienda Sur,97,55
5,Niños,Tienda Centro,147,90
5,Niños,Tienda Oriente,123,81
5,Niños,Tienda Poniente,117,72
5,Calzado,Tienda Norte,127,112
5,Calzado,Tienda Sur,68,48
5,Calzado,Tienda Centro,95,69
5,Calzado,Tienda Oriente,88,58
5,Calzado,Tienda Poniente,89,69
5,Hombre,Tienda Norte,71,25
5,Hombre,Tienda Sur,51,14
5,Hombre,Tienda Centro,61,22
5,Hombre,Tienda Oriente,54,21
5,Hombre,Tienda Poniente,55,18
5,Accesorios,Tienda Norte,114,33
5,Accesorios,Tienda Sur,66,23
5,Accesorios,Tienda Centro,89,30
5,Accesorios,Tienda Oriente,69,15
5,Accesorios,Tienda Poniente,77,20
6,Mujer,Tienda Norte,175,48
6,Mujer,Tienda Sur,90,30
6,Mujer,Tienda Centro,125,29
6,Mujer,Tienda Oriente,100,33
6,Mujer,Tienda Poniente,102,27
6,Niños,Tienda Norte,114,32
6,Niños,Tienda Sur,60,17
6,Niños,Tienda Centro,95,19
6,Niños,Tienda Oriente,65,23
6,Niños,Tienda Poniente,69,14
6,Calzado,Tienda Norte,89,34
6,Calzado,Tienda Sur,53,17
6,Calzado,Tienda Centro,83,31
6,Calzado,Tienda Oriente,67,24
6,Calzado,Tienda Poniente,64,24
6,Hombre,Tienda Norte,36,9
6,Hombre,Tienda Sur,24,6
6,Hombre,Tienda Centro,32,7
6,Hombre,Tienda Oriente,23,7
6,Hombre,Tienda Poniente,28,11
6,Accesorios,Tienda Norte,124,41
6,Accesorios,Tienda Sur,68,29
6,Accesorios,Tienda Centro,100,36
6,Accesorios,Tienda Oriente,75,25
6,Accesorios,Tienda Poniente,101,31
7,Mujer,Tienda Norte,179,38
7,Mujer,Tienda Sur,97,36
7,Mujer,Tienda Centro,119,48
7,Mujer,Tienda Oriente,110,26
7,Mujer,Tienda Poniente,109,42
7,Niños,Tienda Norte,88,29
7,Niños,Tienda Sur,59,24
7,Niños,Tienda Centro,93,40
7,Niños,Tienda Oriente,63,25
7,Niños,Tienda Poniente,77,17
7,Calzado,Tienda Norte,91,26
7,Calzado,Tienda Sur,50,12
7,Calzado,Tienda Centro,82,30
7,Calzado,Tienda Oriente,60,24
7,Calzado,Tienda Poniente,64,28
7,Hombre,Tienda Norte,73,22
7,Hombre,Tienda Sur,49,14
7,Hombre,Tienda Centro,62,15
7,Hombre,Tienda Oriente,55,17
7,Hombre,Tienda Poniente,61,23
7,Accesorios,Tienda Norte,111,41
7,Accesorios,Tienda Sur,78,15
7,Accesorios,Tienda Centro,97,21
7,Accesorios,Tienda Oriente,91,32
7,Accesorios,Tienda Poniente,79,30
8,Mujer,Tienda Norte,239,177
8,Mujer,Tienda Sur,143,80
8,Mujer,Tienda Centro,247,158
8,Mujer,Tienda Oriente,158,111
8,Mujer,Tienda Poniente,206,135
8,Niños,Tienda Norte,89,27
8,Niños,Tienda Sur,72,31
8,Niños,Tienda Centro,96,33
8,Niños,Tienda Oriente,76,31
8,Niños,Tienda Poniente,81,31
8,Calzado,Tienda Norte,91,20
8,Calzado,Tienda Sur,53,11
8,Calzado,Tienda Centro,77,32
8,Calzado,Tienda Oriente,69,16
8,Calzado,Tienda Poniente,79,29
8,Hombre,Tienda Norte,73,25
8,Hombre,Tienda Sur,43,10
8,Hombre,Tienda Centro,57,18
8,Hombre,Tienda Oriente,54,16
8,Hombre,Tienda Poniente,67,19
8,Accesorios,Tienda Norte,133,35
8,Accesorios,Tienda Sur,75,29
8,Accesorios,Tienda Centro,93,22
8,Accesorios,Tienda Oriente,84,25
8,Accesorios,Tienda Poniente,87,22
9,Mujer,Tienda Norte,178,47
9,Mujer,Tienda Sur,100,40
9,Mujer,Tienda Centro,133,40
9,Mujer,Tienda Oriente,105,33
9,Mujer,Tienda Poniente,117,37
9,Niños,Tienda Norte,99,37
9,Niños,Tienda Sur,66,20
9,Niños,Tienda Centro,95,36
9,Niños,Tienda Oriente,78,17
9,Niños,Tienda Poniente,90,40
9,Calzado,Tienda Norte,87,35
9,Calzado,Tienda Sur,48,19
9,Calzado,Tienda Centro,86,27
9,Calzado,Tienda Oriente,67,22
9,Calzado,Tienda Poniente,64,13
9,Hombre,Tienda Norte,89,29
9,Hombre,Tienda Sur,54,21
9,Hombre,Tienda Centro,61,21
9,Hombre,Tienda Oriente,57,11
9,Hombre,Tienda Poniente,51,13
9,Accesorios,Tienda Norte,112,43
9,Accesorios,Tienda Sur,67,20
9,Accesorios,Tienda Centro,104,22
9,Accesorios,Tienda Oriente,88,27
9,Accesorios,Tienda Poniente,87,28
10,Mujer,Tienda Norte,187,113
10,Mujer,Tienda Sur,121,85
10,Mujer,Tienda Centro,161,67
10,Mujer,Tienda Oriente,160,89
10,Mujer,Tienda Poniente,174,113
10,Niños,Tienda Norte,88,27
10,Niños,Tienda Sur,59,17
10,Niños,Tienda Centro,98,26
10,Niños,Tienda Oriente,64,19
10,Niños,Tienda Poniente,88,31
10,Calzado,Tienda Norte,131,98
10,Calzado,Tienda Sur,77,54
10,Calzado,Tienda Centro,110,84
10,Calzado,Tienda Oriente,89,73
10,Calzado,Tienda Poniente,121,83
10,Hombre,Tienda Norte,71,15
10,Hombre,Tienda Sur,49,14
10,Hombre,Tienda Centro,59,15
10,Hombre,Tienda Oriente,61,16
10,Hombre,Tienda Poniente,64,15
10,Accesorios,Tienda Norte,107,43
10,Accesorios,Tienda Sur,72,30
10,Accesorios,Tienda Centro,113,37
10,Accesorios,Tienda Oriente,79,23
10,Accesorios,Tienda Poniente,93,23
11,Mujer,Tienda Norte,247,155
11,Mujer,Tienda Sur,141,93
11,Mujer,Tienda Centro,197,145
11,Mujer,Tienda Oriente,167,128
11,Mujer,Tienda Poniente,205,162
11,Niños,Tienda Norte,92,28
11,Niños,Tienda Sur,71,18
11,Niños,Tienda Centro,79,28
11,Niños,Tienda Oriente,80,24
11,Niños,Tienda Poniente,86,31
11,Calzado,Tienda Norte,93,26
11,Calzado,Tienda Sur,60,15
11,Calzado,Tienda Centro,87,37
11,Calzado,Tienda Oriente,54,14
11,Calzado,Tienda Poniente,63,18
11,Hombre,Tienda Norte,77,25
11,Hombre,Tienda Sur,45,17
11,Hombre,Tienda Centro,56,16
11,Hombre,Tienda Oriente,61,25
11,Hombre,Tienda Poniente,54,23
11,Accesorios,Tienda Norte,109,40
11,Accesorios,Tienda Sur,65,22
11,Accesorios,Tienda Centro,93,33
11,Accesorios,Tienda Oriente,69,15
11,Accesorios,Tienda Poniente,78,20
12,Mujer,Tienda Norte,177,69
12,Mujer,Tienda Sur,101,36
12,Mujer,Tienda Centro,126,35
12,Mujer,Tienda Oriente,100,29
12,Mujer,Tienda Poniente,136,53
12,Niños,Tienda Norte,107,27
12,Niños,Tienda Sur,71,21
12,Niños,Tienda Centro,87,34
12,Niños,Tienda Oriente,63,18
12,Niños,Tienda Poniente,73,20
12,Calzado,Tienda Norte,92,34
12,Calzado,Tienda Sur,61,13
12,Calzado,Tienda Centro,69,19
12,Calzado,Tienda Oriente,56,22
12,Calzado,Tienda Poniente,77,15
12,Hombre,Tienda Norte,67,27
12,Hombre,Tienda Sur,41,11
12,Hombre,Tienda Centro,61,16
12,Hombre,Tienda Oriente,49,13
12,Hombre,Tienda Poniente,61,21
12,Accesorios,Tienda Norte,121,41
12,Accesorios,Tienda Sur,69,17
12,Accesorios,Tienda Centro,113,39
12,Accesorios,Tienda Oriente,79,24
12,Accesorios,Tienda Poniente,102,39
13,Mujer,Tienda Norte,143,53
13,Mujer,Tienda Sur,102,44
13,Mujer,Tienda Centro,143,37
13,Mujer,Tienda Oriente,115,32
13,Mujer,Tienda Poniente,111,39
13,Niños,Tienda Norte,91,18
13,Niños,Tienda Sur,55,13
13,Niños,Tienda Centro,99,39
13,Niños,Tienda Oriente,78,19
13,Niños,Tienda Poniente,69,16
13,Calzado,Tienda Norte,89,34
13,Calzado,Tienda Sur,59,19
13,Calzado,Tienda Centro,66,16
13,Calzado,Tienda Oriente,63,18
13,Calzado,Tienda Poniente,72,18
13,Hombre,Tienda Norte,76,18
13,Hombre,Tienda Sur,47,12
13,Hombre,Tienda Centro,60,15
13,Hombre,Tienda Oriente,47,20
13,Hombre,Tienda Poniente,52,14
13,Accesorios,Tienda Norte,202,150
13,Accesorios,Tienda Sur,113,84
13,Accesorios,Tienda Centro,169,138
13,Accesorios,Tienda Oriente,115,96
13,Accesorios,Tienda Poniente,145,122
14,Mujer,Tienda Norte,83,32
14,Mujer,Tienda Sur,42,11
14,Mujer,Tienda Centro,68,16
14,Mujer,Tienda Oriente,60,14
14,Mujer,Tienda Poniente,64,16
14,Niños,Tienda Norte,100,38
14,Niños,Tienda Sur,65,14
14,Niños,Tienda Centro,88,22
14,Niños,Tienda Oriente,64,23
14,Niños,Tienda Poniente,88,35
14,Calzado,Tienda Norte,95,23
14,Calzado,Tienda Sur,51,15
14,Calzado,Tienda Centro,84,27
14,Calzado,Tienda Oriente,58,17
14,Calzado,Tienda Poniente,78,21
14,Hombre,Tienda Norte,83,25
14,Hombre,Tienda Sur,53,12
14,Hombre,Tienda Centro,71,23
14,Hombre,Tienda Oriente,47,14
14,Hombre,Tienda Poniente,61,15
14,Accesorios,Tienda Norte,104,23
14,Accesorios,Tienda Sur,71,23
14,Accesorios,Tienda Centro,103,41
14,Accesorios,Tienda Oriente,83,26
14,Accesorios,Tienda Poniente,76,18
15,Mujer,Tienda Norte,160,45
15,Mujer,Tienda Sur,84,30
15,Mujer,Tienda Centro,116,27
15,Mujer,Tienda Oriente,101,35
15,Mujer,Tienda Poniente,122,44
15,Niños,Tienda Norte,100,37
15,Niños,Tienda Sur,71,24
15,Niños,Tienda Centro,90,19
15,Niños,Tienda Oriente,70,22
15,Niños,Tienda Poniente,78,20
15,Calzado,Tienda Norte,101,41
15,Calzado,Tienda Sur,50,20
15,Calzado,Tienda Centro,67,17
15,Calzado,Tienda Oriente,57,19
15,Calzado,Tienda Poniente,71,28
15,Hombre,Tienda Norte,83,26
15,Hombre,Tienda Sur,42,12
15,Hombre,Tienda Centro,63,17
15,Hombre,Tienda Oriente,54,14
15,Hombre,Tienda Poniente,60,19
15,Accesorios,Tienda Norte,118,45
15,Accesorios,Tienda Sur,70,26
15,Accesorios,Tienda Centro,84,21
15,Accesorios,Tienda Oriente,84,21
15,Accesorios,Tienda Poniente,84,31
16,Mujer,Tienda Norte,163,59
16,Mujer,Tienda Sur,98,32
16,Mujer,Tienda Centro,128,40
16,Mujer,Tienda Oriente,115,24
16,Mujer,Tienda Poniente,113,28
16,Niños,Tienda Norte,154,110
16,Niños,Tienda Sur,92,74
16,Niños,Tienda Centro,149,96
16,Niños,Tienda Oriente,123,88
16,Niños,Tienda Poniente,134,95
16,Calzado,Tienda Norte,89,36
16,Calzado,Tienda Sur,55,13
16,Calzado,Tienda Centro,80,21
16,Calzado,Tienda Oriente,58,18
16,Calzado,Tienda Poniente,74,17
16,Hombre,Tienda Norte,68,20
16,Hombre,Tienda Sur,51,14
16,Hombre,Tienda Centro,66,21
16,Hombre,Tienda Oriente,60,27
16,Hombre,Tienda Poniente,52,16
16,Accesorios,Tienda Norte,128,37
16,Accesorios,Tienda Sur,64,15
16,Accesorios,Tienda Centro,94,35
16,Accesorios,Tienda Oriente,82,29
16,Accesorios,Tienda Poniente,89,32
17,Mujer,Tienda Norte,135,40
17,Mujer,Tienda Sur,85,19
17,Mujer,Tienda Centro,117,36
17,Mujer,Tienda Oriente,105,43
17,Mujer,Tienda Poniente,127,53
17,Niños,Tienda Norte,112,26
17,Niños,Tienda Sur,57,24
17,Niños,Tienda Centro,96,30
17,Niños,Tienda Oriente,68,29
17,Niños,Tienda Poniente,71,17
17,Calzado,Tienda Norte,85,28
17,Calzado,Tienda Sur,54,13
17,Calzado,Tienda Centro,86,25
17,Calzado,Tienda Oriente,56,23
17,Calzado,Tienda Poniente,66,22
17,Hombre,Tienda Norte,76,21
17,Hombre,Tienda Sur,49,14
17,Hombre,Tienda Centro,68,21
17,Hombre,Tienda Oriente,62,20
17,Hombre,Tienda Poniente,61,13
17,Accesorios,Tienda Norte,130,37
17,Accesorios,Tienda Sur,65,23
17,Accesorios,Tienda Centro,95,27
17,Accesorios,Tienda Oriente,83,24
17,Accesorios,Tienda Poniente,99,22
18,Mujer,Tienda Norte,148,37
18,Mujer,Tienda Sur,90,19
18,Mujer,Tienda Centro,114,35
18,Mujer,Tienda Oriente,102,37
18,Mujer,Tienda Poniente,127,49
18,Niños,Tienda Norte,138,73
18,Niños,Tienda Sur,71,36
18,Niños,Tienda Centro,109,64
18,Niños,Tienda Oriente,86,50
18,Niños,Tienda Poniente,109,63
18,Calzado,Tienda Norte,103,20
18,Calzado,Tienda Sur,57,21
18,Calzado,Tienda Centro,80,20
18,Calzado,Tienda Oriente,71,28
18,Calzado,Tienda Poniente,64,20
18,Hombre,Tienda Norte,69,20
18,Hombre,Tienda Sur,46,16
18,Hombre,Tienda Centro,65,27
18,Hombre,Tienda Oriente,54,20
18,Hombre,Tienda Poniente,60,17
18,Accesorios,Tienda Norte,184,131
18,Accesorios,Tienda Sur,93,63
18,Accesorios,Tienda Centro,130,78
18,Accesorios,Tienda Oriente,99,66
18,Accesorios,Tienda Poniente,132,83
19,Mujer,Tienda Norte,171,39
19,Mujer,Tienda Sur,84,26
19,Mujer,Tienda Centro,114,38
19,Mujer,Tienda Oriente,113,34
19,Mujer,Tienda Poniente,104,31
19,Niños,Tienda Norte,97,36
19,Niños,Tienda Sur,60,21
19,Niños,Tienda Centro,77,21
19,Niños,Tienda Oriente,73,23
19,Niños,Tienda Poniente,81,31
19,Calzado,Tienda Norte,96,26
19,Calzado,Tienda Sur,61,20
19,Calzado,Tienda Centro,73,16
19,Calzado,Tienda Oriente,60,18
19,Calzado,Tienda Poniente,78,25
19,Hombre,Tienda Norte,112,81
19,Hombre,Tienda Sur,69,43
19,Hombre,Tienda Centro,98,65
19,Hombre,Tienda Oriente,77,53
19,Hombre,Tienda Poniente,89,51
19,Accesorios,Tienda Norte,116,33
19,Accesorios,Tienda Sur,81,25
19,Accesorios,Tienda Centro,91,36
19,Accesorios,Tienda Oriente,92,31
19,Accesorios,Tienda Poniente,81,32
20,Mujer,Tienda Norte,138,45
20,Mujer,Tienda Sur,81,17
20,Mujer,Tienda Centro,129,50
20,Mujer,Tienda Oriente,113,28
20,Mujer,Tienda Poniente,117,28
20,Niños,Tienda Norte,114,42
20,Niños,Tienda Sur,54,16
20,Niños,Tienda Centro,76,18
20,Niños,Tienda Oriente,62,17
20,Niños,Tienda Poniente,83,30
20,Calzado,Tienda Norte,101,23
20,Calzado,Tienda Sur,47,13
20,Calzado,Tienda Centro,73,27
20,Calzado,Tienda Oriente,61,20
20,Calzado,Tienda Poniente,69,16
20,Hombre,Tienda Norte,136,111
20,Hombre,Tienda Sur,85,65
20,Hombre,Tienda Centro,120,78
20,Hombre,Tienda Oriente,77,52
20,Hombre,Tienda Poniente,104,67
20,Accesorios,Tienda Norte,132,40
20,Accesorios,Tienda Sur,72,20
20,Accesorios,Tienda Centro,84,18
20,Accesorios,Tienda Oriente,75,25
20,Accesorios,Tienda Poniente,80,29
21,Mujer,Tienda Norte,300,211
21,Mujer,Tienda Sur,152,116
21,Mujer,Tienda Centro,191,135
21,Mujer,Tienda Oriente,194,118
21,Mujer,Tienda Poniente,229,160
21,Niños,Tienda Norte,94,22
21,Niños,Tienda Sur,62,19
21,Niños,Tienda Centro,84,30
21,Niños,Tienda Oriente,66,24
21,Niños,Tienda Poniente,77,28
21,Calzado,Tienda Norte,102,31
21,Calzado,Tienda Sur,56,16
21,Calzado,Tienda Centro,66,20
21,Calzado,Tienda Oriente,59,17
21,Calzado,Tienda Poniente,63,18
21,Hombre,Tienda Norte,67,21
21,Hombre,Tienda Sur,42,18
21,Hombre,Tienda Centro,65,17
21,Hombre,Tienda Oriente,54,19
21,Hombre,Tienda Poniente,53,22
21,Accesorios,Tienda Norte,127,45
21,Accesorios,Tienda Sur,78,33
21,Accesorios,Tienda Centro,87,22
21,Accesorios,Tienda Oriente,84,20
21,Accesorios,Tienda Poniente,100,25
22,Mujer,Tienda Norte,256,168
22,Mujer,Tienda Sur,142,92
22,Mujer,Tienda Centro,200,151
22,Mujer,Tienda Oriente,178,111
22,Mujer,Tienda Poniente,177,102
22,Niños,Tienda Norte,98,35
22,Niños,Tienda Sur,58,22
22,Niños,Tienda Centro,86,24
22,Niños,Tienda Oriente,72,16
22,Niños,Tienda Poniente,84,21
22,Calzado,Tienda Norte,131,97
22,Calzado,Tienda Sur,88,49
22,Calzado,Tienda Centro,108,64
22,Calzado,Tienda Oriente,87,68
22,Calzado,Tienda Poniente,95,79
22,Hombre,Tienda Norte,70,25
22,Hombre,Tienda Sur,44,10
22,Hombre,Tienda Centro,60,18
22,Hombre,Tienda Oriente,57,19
22,Hombre,Tienda Poniente,68,21
22,Accesorios,Tienda Norte,133,38
22,Accesorios,Tienda Sur,67,25
22,Accesorios,Tienda Centro,85,24
22,Accesorios,Tienda Oriente,79,18
22,Accesorios,Tienda Poniente,100,33
23,Mujer,Tienda Norte,194,128
23,Mujer,Tienda Sur,116,87
23,Mujer,Tienda Centro,211,166
23,Mujer,Tienda Oriente,144,105
23,Mujer,Tienda Poniente,150,126
23,Niños,Tienda Norte,98,36
23,Niños,Tienda Sur,56,15
23,Niños,Tienda Centro,76,31
23,Niños,Tienda Oriente,82,23
23,Niños,Tienda Poniente,78,24
23,Calzado,Tienda Norte,98,25
23,Calzado,Tienda Sur,62,24
23,Calzado,Tienda Centro,66,17
23,Calzado,Tienda Oriente,58,18
23,Calzado,Tienda Poniente,71,30
23,Hombre,Tienda Norte,79,19
23,Hombre,Tienda Sur,45,13
23,Hombre,Tienda Centro,70,19
23,Hombre,Tienda Oriente,58,18
23,Hombre,Tienda Poniente,65,24
23,Accesorios,Tienda Norte,166,106
23,Accesorios,Tienda Sur,94,43
23,Accesorios,Tienda Centro,135,72
23,Accesorios,Tienda Oriente,90,44
23,Accesorios,Tienda Poniente,100,42
24,Mujer,Tienda Norte,188,124
24,Mujer,Tienda Sur,153,112
24,Mujer,Tienda Centro,176,120
24,Mujer,Tienda Oriente,141,85
24,Mujer,Tienda Poniente,178,143
24,Niños,Tienda Norte,115,37
24,Niños,Tienda Sur,54,19
24,Niños,Tienda Centro,96,34
24,Niños,Tienda Oriente,77,21
24,Niños,Tienda Poniente,85,19
24,Calzado,Tienda Norte,134,66
24,Calzado,Tienda Sur,65,37
24,Calzado,Tienda Centro,96,49
24,Calzado,Tienda Oriente,85,36
24,Calzado,Tienda Poniente,95,55
24,Hombre,Tienda Norte,71,29
24,Hombre,Tienda Sur,42,11
24,Hombre,Tienda Centro,65,20
24,Hombre,Tienda Oriente,53,15
24,Hombre,Tienda Poniente,60,20
24,Accesorios,Tienda Norte,106,39
24,Accesorios,Tienda Sur,74,22
24,Accesorios,Tienda Centro,96,35
24,Accesorios,Tienda Oriente,71,19
24,Accesorios,Tienda Poniente,94,28
25,Mujer,Tienda Norte,226,154
25,Mujer,Tienda Sur,140,90
25,Mujer,Tienda Centro,194,88
25,Mujer,Tienda Oriente,154,99
25,Mujer,Tienda Poniente,158,94
25,Niños,Tienda Norte,102,23
25,Niños,Tienda Sur,62,13
25,Niños,Tienda Centro,90,36
25,Niños,Tienda Oriente,78,25
25,Niños,Tienda Poniente,81,31
25,Calzado,Tienda Norte,92,25
25,Calzado,Tienda Sur,60,16
25,Calzado,Tienda Centro,73,16
25,Calzado,Tienda Oriente,57,13
25,Calzado,Tienda Poniente,71,30
25,Hombre,Tienda Norte,74,22
25,Hombre,Tienda Sur,53,12
25,Hombre,Tienda Centro,64,23
25,Hombre,Tienda Oriente,50,10
25,Hombre,Tienda Poniente,52,13
25,Accesorios,Tienda Norte,105,32
25,Accesorios,Tienda Sur,80,23
25,Accesorios,Tienda Centro,89,28
25,Accesorios,Tienda Oriente,73,29
25,Accesorios,Tienda Poniente,80,24
26,Mujer,Tienda Norte,106,91
26,Mujer,Tienda Sur,58,57
26,Mujer,Tienda Centro,77,67
26,Mujer,Tienda Oriente,57,52
26,Mujer,Tienda Poniente,63,50
26,Niños,Tienda Norte,97,43
26,Niños,Tienda Sur,68,16
26,Niños,Tienda Centro,94,30
26,Niños,Tienda Oriente,68,26
26,Niños,Tienda Poniente,77,20
26,Calzado,Tienda Norte,95,25
26,Calzado,Tienda Sur,63,20
26,Calzado,Tienda Centro,78,32
26,Calzado,Tienda Oriente,54,12
26,Calzado,Tienda Poniente,62,15
26,Hombre,Tienda Norte,69,27
26,Hombre,Tienda Sur,49,11
26,Hombre,Tienda Centro,62,26
26,Hombre,Tienda Oriente,56,13
26,Hombre,Tienda Poniente,65,22
26,Accesorios,Tienda Norte,102,36
26,Accesorios,Tienda Sur,78,26
26,Accesorios,Tienda Centro,92,32
26,Accesorios,Tienda Oriente,82,23
26,Accesorios,Tienda Poniente,77,29
27,Mujer,Tienda Norte,133,38
27,Mujer,Tienda Sur,105,40
27,Mujer,Tienda Centro,120,46
27,Mujer,Tienda Oriente,123,26
27,Mujer,Tienda Poniente,118,46
27,Niños,Tienda Norte,96,29
27,Niños,Tienda Sur,72,20
27,Niños,Tienda Centro,90,29
27,Niños,Tienda Oriente,62,23
27,Niños,Tienda Poniente,77,27
27,Calzado,Tienda Norte,90,30
27,Calzado,Tienda Sur,49,17
27,Calzado,Tienda Centro,81,20
27,Calzado,Tienda Oriente,66,21
27,Calzado,Tienda Poniente,66,19
27,Hombre,Tienda Norte,83,18
27,Hombre,Tienda Sur,52,18
27,Hombre,Tienda Centro,68,19
27,Hombre,Tienda Oriente,57,17
27,Hombre,Tienda Poniente,68,22
27,Accesorios,Tienda Norte,122,27
27,Accesorios,Tienda Sur,65,15
27,Accesorios,Tienda Centro,108,29
27,Accesorios,Tienda Oriente,78,24
27,Accesorios,Tienda Poniente,87,28
28,Mujer,Tienda Norte,143,55
28,Mujer,Tienda Sur,101,35
28,Mujer,Tienda Centro,144,40
28,Mujer,Tienda Oriente,98,30
28,Mujer,Tienda Poniente,115,44
28,Niños,Tienda Norte,97,27
28,Niños,Tienda Sur,57,18
28,Niños,Tienda Centro,86,37
28,Niños,Tienda Oriente,77,29
28,Niños,Tienda Poniente,83,34
28,Calzado,Tienda Norte,78,21
28,Calzado,Tienda Sur,51,10
28,Calzado,Tienda Centro,76,31
28,Calzado,Tienda Oriente,54,21
28,Calzado,Tienda Poniente,71,19
28,Hombre,Tienda Norte,67,21
28,Hombre,Tienda Sur,40,10
28,Hombre,Tienda Centro,69,16
28,Hombre,Tienda Oriente,47,10
28,Hombre,Tienda Poniente,62,16
28,Accesorios,Tienda Norte,131,51
28,Accesorios,Tienda Sur,68,22
28,Accesorios,Tienda Centro,107,40
28,Accesorios,Tienda Oriente,80,29
28,Accesorios,Tienda Poniente,78,17
29,Mujer,Tienda Norte,211,173
29,Mujer,Tienda Sur,164,105
29,Mujer,Tienda Centro,219,163
29,Mujer,Tienda Oriente,148,101
29,Mujer,Tienda Poniente,165,128
29,Niños,Tienda Norte,102,38
29,Niños,Tienda Sur,55,20
29,Niños,Tienda Centro,82,26
29,Niños,Tienda Oriente,82,31
29,Niños,Tienda Poniente,74,17
29,Calzado,Tienda Norte,91,35
29,Calzado,Tienda Sur,50,15
29,Calzado,Tienda Centro,72,22
29,Calzado,Tienda Oriente,67,16
29,Calzado,Tienda Poniente,73,27
29,Hombre,Tienda Norte,76,25
29,Hombre,Tienda Sur,53,20
29,Hombre,Tienda Centro,65,17
29,Hombre,Tienda Oriente,53,14
29,Hombre,Tienda Poniente,62,17
29,Accesorios,Tienda Norte,107,31
29,Accesorios,Tienda Sur,82,25
29,Accesorios,Tienda Centro,84,21
29,Accesorios,Tienda Oriente,75,27
29,Accesorios,Tienda Poniente,93,25
30,Mujer,Tienda Norte,156,67
30,Mujer,Tienda Sur,97,39
30,Mujer,Tienda Centro,116,26
30,Mujer,Tienda Oriente,119,30
30,Mujer,Tienda Poniente,113,42
30,Niños,Tienda Norte,158,122
30,Niños,Tienda Sur,100,82
30,Niños,Tienda Centro,154,93
30,Niños,Tienda Oriente,111,83
30,Niños,Tienda Poniente,113,95
30,Calzado,Tienda Norte,102,31
30,Calzado,Tienda Sur,48,15
30,Calzado,Tienda Centro,86,20
30,Calzado,Tienda Oriente,61,25
30,Calzado,Tienda Poniente,66,28
30,Hombre,Tienda Norte,88,39
30,Hombre,Tienda Sur,41,12
30,Hombre,Tienda Centro,60,15
30,Hombre,Tienda Oriente,61,13
30,Hombre,Tienda Poniente,66,22
30,Accesorios,Tienda Norte,129,48
30,Accesorios,Tienda Sur,81,31
30,Accesorios,Tienda Centro,89,36
30,Accesorios,Tienda Oriente,92,32
30,Accesorios,Tienda Poniente,85,27
31,Mujer,Tienda Norte,174,49
31,Mujer,Tienda Sur,102,41
31,Mujer,Tienda Centro,116,48
31,Mujer,Tienda Oriente,93,30
31,Mujer,Tienda Poniente,126,34
31,Niños,Tienda Norte,106,24
31,Niños,Tienda Sur,71,29
31,Niños,Tienda Centro,84,31
31,Niños,Tienda Oriente,72,23
31,Niños,Tienda Poniente,73,29
31,Calzado,Tienda Norte,85,25
31,Calzado,Tienda Sur,55,20
31,Calzado,Tienda Centro,73,20
31,Calzado,Tienda Oriente,68,20
31,Calzado,Tienda Poniente,60,17
31,Hombre,Tienda Norte,73,30
31,Hombre,Tienda Sur,49,13
31,Hombre,Tienda Centro,58,13
31,Hombre,Tienda Oriente,58,19
31,Hombre,Tienda Poniente,64,19
31,Accesorios,Tienda Norte,56,17
31,Accesorios,Tienda Sur,33,12
31,Accesorios,Tienda Centro,42,18
31,Accesorios,Tienda Oriente,46,12
31,Accesorios,Tienda Poniente,45,17
32,Mujer,Tienda Norte,240,187
32,Mujer,Tienda Sur,141,116
32,Mujer,Tienda Centro,205,169
32,Mujer,Tienda Oriente,154,116
32,Mujer,Tienda Poniente,177,130
32,Niños,Tienda Norte,123,60
32,Niños,Tienda Sur,73,42
32,Niños,Tienda Centro,120,68
32,Niños,Tienda Oriente,107,69
32,Niños,Tienda Poniente,100,48
32,Calzado,Tienda Norte,99,40
32,Calzado,Tienda Sur,53,19
32,Calzado,Tienda Centro,69,20
32,Calzado,Tienda Oriente,61,23
32,Calzado,Tienda Poniente,78,26
32,Hombre,Tienda Norte,80,27
32,Hombre,Tienda Sur,54,18
32,Hombre,Tienda Centro,60,17
32,Hombre,Tienda Oriente,46,14
32,Hombre,Tienda Poniente,68,21
32,Accesorios,Tienda Norte,112,29
32,Accesorios,Tienda Sur,66,19
32,Accesorios,Tienda Centro,104,34
32,Accesorios,Tienda Oriente,73,16
32,Accesorios,Tienda Poniente,102,28
33,Mujer,Tienda Norte,139,50
33,Mujer,Tienda Sur,99,25
33,Mujer,Tienda Centro,150,48
33,Mujer,Tienda Oriente,101,39
33,Mujer,Tienda Poniente,105,34
33,Niños,Tienda Norte,117,45
33,Niños,Tienda Sur,62,24
33,Niños,Tienda Centro,82,28
33,Niños,Tienda Oriente,80,23
33,Niños,Tienda Poniente,71,20
33,Calzado,Tienda Norte,77,31
33,Calzado,Tienda Sur,60,23
33,Calzado,Tienda Centro,78,34
33,Calzado,Tienda Oriente,59,15
33,Calzado,Tienda Poniente,77,17
33,Hombre,Tienda Norte,80,27
33,Hombre,Tienda Sur,45,10
33,Hombre,Tienda Centro,67,22
33,Hombre,Tienda Oriente,47,15
33,Hombre,Tienda Poniente,61,24
33,Accesorios,Tienda Norte,112,39
33,Accesorios,Tienda Sur,69,27
33,Accesorios,Tienda Centro,107,25
33,Accesorios,Tienda Oriente,77,23
33,Accesorios,Tienda Poniente,87,28
34,Mujer,Tienda Norte,147,30
34,Mujer,Tienda Sur,102,41
34,Mujer,Tienda Centro,129,40
34,Mujer,Tienda Oriente,105,38
34,Mujer,Tienda Poniente,134,56
34,Niños,Tienda Norte,104,30
34,Niños,Tienda Sur,57,20
34,Niños,Tienda Centro,90,22
34,Niños,Tienda Oriente,70,20
34,Niños,Tienda Poniente,76,16
34,Calzado,Tienda Norte,125,82
34,Calzado,Tienda Sur,91,77
34,Calzado,Tienda Centro,113,74
34,Calzado,Tienda Oriente,103,67
34,Calzado,Tienda Poniente,104,76
34,Hombre,Tienda Norte,89,26
34,Hombre,Tienda Sur,52,12
34,Hombre,Tienda Centro,64,17
34,Hombre,Tienda Oriente,49,17
34,Hombre,Tienda Poniente,55,19
34,Accesorios,Tienda Norte,100,27
34,Accesorios,Tienda Sur,65,16
34,Accesorios,Tienda Centro,106,34
34,Accesorios,Tienda Oriente,90,37
34,Accesorios,Tienda Poniente,89,28
35,Mujer,Tienda Norte,134,53
35,Mujer,Tienda Sur,82,22
35,Mujer,Tienda Centro,134,48
35,Mujer,Tienda Oriente,120,27
35,Mujer,Tienda Poniente,109,44
35,Niños,Tienda Norte,114,25
35,Niños,Tienda Sur,59,13
35,Niños,Tienda Centro,84,22
35,Niños,Tienda Oriente,66,16
35,Niños,Tienda Poniente,80,30
35,Calzado,Tienda Norte,97,22
35,Calzado,Tienda Sur,54,12
35,Calzado,Tienda Centro,67,22
35,Calzado,Tienda Oriente,55,17
35,Calzado,Tienda Poniente,77,21
35,Hombre,Tienda Norte,78,26
35,Hombre,Tienda Sur,52,11
35,Hombre,Tienda Centro,57,12
35,Hombre,Tienda Oriente,56,17
35,Hombre,Tienda Poniente,65,16
35,Accesorios,Tienda Norte,119,37
35,Accesorios,Tienda Sur,71,16
35,Accesorios,Tienda Centro,102,24
35,Accesorios,Tienda Oriente,85,30
35,Accesorios,Tienda Poniente,86,26
36,Mujer,Tienda Norte,201,123
36,Mujer,Tienda Sur,131,98
36,Mujer,Tienda Centro,177,113
36,Mujer,Tienda Oriente,161,142
36,Mujer,Tienda Poniente,163,124
36,Niños,Tienda Norte,94,23
36,Niños,Tienda Sur,65,16
36,Niños,Tienda Centro,81,34
36,Niños,Tienda Oriente,62,19
36,Niños,Tienda Poniente,84,25
36,Calzado,Tienda Norte,92,24
36,Calzado,Tienda Sur,63,21
36,Calzado,Tienda Centro,66,18
36,Calzado,Tienda Oriente,67,19
36,Calzado,Tienda Poniente,72,28
36,Hombre,Tienda Norte,75,21
36,Hombre,Tienda Sur,46,17
36,Hombre,Tienda Centro,75,20
36,Hombre,Tienda Oriente,46,15
36,Hombre,Tienda Poniente,64,24
36,Accesorios,Tienda Norte,132,36
36,Accesorios,Tienda Sur,78,21
36,Accesorios,Tienda Centro,95,29
36,Accesorios,Tienda Oriente,75,22
36,Accesorios,Tienda Poniente,100,31
37,Mujer,Tienda Norte,155,39
37,Mujer,Tienda Sur,93,31
37,Mujer,Tienda Centro,115,35
37,Mujer,Tienda Oriente,107,30
37,Mujer,Tienda Poniente,117,32
37,Niños,Tienda Norte,106,27
37,Niños,Tienda Sur,70,21
37,Niños,Tienda Centro,76,23
37,Niños,Tienda Oriente,69,30
37,Niños,Tienda Poniente,71,23
37,Calzado,Tienda Norte,77,31
37,Calzado,Tienda Sur,59,15
37,Calzado,Tienda Centro,75,26
37,Calzado,Tienda Oriente,62,18
37,Calzado,Tienda Poniente,79,29
37,Hombre,Tienda Norte,80,20
37,Hombre,Tienda Sur,50,14
37,Hombre,Tienda Centro,66,19
37,Hombre,Tienda Oriente,53,20
37,Hombre,Tienda Poniente,51,10
37,Accesorios,Tienda Norte,105,42
37,Accesorios,Tienda Sur,70,28
37,Accesorios,Tienda Centro,112,37
37,Accesorios,Tienda Oriente,90,22
37,Accesorios,Tienda Poniente,81,31
38,Mujer,Tienda Norte,190,121
38,Mujer,Tienda Sur,115,77
38,Mujer,Tienda Centro,155,88
38,Mujer,Tienda Oriente,147,68
38,Mujer,Tienda Poniente,158,86
38,Niños,Tienda Norte,111,29
38,Niños,Tienda Sur,64,14
38,Niños,Tienda Centro,85,38
38,Niños,Tienda Oriente,62,23
38,Niños,Tienda Poniente,82,36
38,Calzado,Tienda Norte,128,102
38,Calzado,Tienda Sur,69,52
38,Calzado,Tienda Centro,91,59
38,Calzado,Tienda Oriente,79,53
38,Calzado,Tienda Poniente,90,78
38,Hombre,Tienda Norte,71,26
38,Hombre,Tienda Sur,45,13
38,Hombre,Tienda Centro,72,27
38,Hombre,Tienda Oriente,53,15
38,Hombre,Tienda Poniente,56,21
38,Accesorios,Tienda Norte,130,54
38,Accesorios,Tienda Sur,73,29
38,Accesorios,Tienda Centro,97,33
38,Accesorios,Tienda Oriente,72,23
38,Accesorios,Tienda Poniente,102,24
39,Mujer,Tienda Norte,152,31
39,Mujer,Tienda Sur,87,29
39,Mujer,Tienda Centro,123,41
39,Mujer,Tienda Oriente,107,42
39,Mujer,Tienda Poniente,127,47
39,Niños,Tienda Norte,52,16
39,Niños,Tienda Sur,28,10
39,Niños,Tienda Centro,41,16
39,Niños,Tienda Oriente,40,12
39,Niños,Tienda Poniente,40,11
39,Calzado,Tienda Norte,99,30
39,Calzado,Tienda Sur,49,16
39,Calzado,Tienda Centro,85,20
39,Calzado,Tienda Oriente,70,22
39,Calzado,Tienda Poniente,60,17
39,Hombre,Tienda Norte,88,23
39,Hombre,Tienda Sur,49,17
39,Hombre,Tienda Centro,65,19
39,Hombre,Tienda Oriente,51,14
39,Hombre,Tienda Poniente,52,14
39,Accesorios,Tienda Norte,120,49
39,Accesorios,Tienda Sur,69,17
39,Accesorios,Tienda Centro,113,37
39,Accesorios,Tienda Oriente,70,20
39,Accesorios,Tienda Poniente,87,34
40,Mujer,Tienda Norte,214,130
40,Mujer,Tienda Sur,117,66
40,Mujer,Tienda Centro,163,86
40,Mujer,Tienda Oriente,120,78
40,Mujer,Tienda Poniente,162,74
40,Niños,Tienda Norte,100,33
40,Niños,Tienda Sur,71,20
40,Niños,Tienda Centro,93,40
40,Niños,Tienda Oriente,75,17
40,Niños,Tienda Poniente,74,27
40,Calzado,Tienda Norte,78,23
40,Calzado,Tienda Sur,54,20
40,Calzado,Tienda Centro,82,28
40,Calzado,Tienda Oriente,72,23
40,Calzado,Tienda Poniente,59,14
40,Hombre,Tienda Norte,85,26
40,Hombre,Tienda Sur,47,13
40,Hombre,Tienda Centro,72,23
40,Hombre,Tienda Oriente,57,20
40,Hombre,Tienda Poniente,56,14
40,Accesorios,Tienda Norte,126,46
40,Accesorios,Tienda Sur,80,24
40,Accesorios,Tienda Centro,106,25
40,Accesorios,Tienda Oriente,75,30
40,Accesorios,Tienda Poniente,82,19
41,Mujer,Tienda Norte,171,67
41,Mujer,Tienda Sur,104,32
41,Mujer,Tienda Centro,116,29
41,Mujer,Tienda Oriente,92,25
41,Mujer,Tienda Poniente,134,43
41,Niños,Tienda Norte,143,91
41,Niños,Tienda Sur,86,48
41,Niños,Tienda Centro,149,117
41,Niños,Tienda Oriente,94,63
41,Niños,Tienda Poniente,107,65
41,Calzado,Tienda Norte,82,26
41,Calzado,Tienda Sur,53,16
41,Calzado,Tienda Centro,81,32
41,Calzado,Tienda Oriente,63,18
41,Calzado,Tienda Poniente,78,24
41,Hombre,Tienda Norte,100,69
41,Hombre,Tienda Sur,76,52
41,Hombre,Tienda Centro,96,63
41,Hombre,Tienda Oriente,73,53
41,Hombre,Tienda Poniente,91,70
41,Accesorios,Tienda Norte,121,39
41,Accesorios,Tienda Sur,76,21
41,Accesorios,Tienda Centro,92,24
41,Accesorios,Tienda Oriente,84,32
41,Accesorios,Tienda Poniente,84,27
42,Mujer,Tienda Norte,80,25
42,Mujer,Tienda Sur,54,20
42,Mujer,Tienda Centro,66,16
42,Mujer,Tienda Oriente,54,14
42,Mujer,Tienda Poniente,67,23
42,Niños,Tienda Norte,108,44
42,Niños,Tienda Sur,61,16
42,Niños,Tienda Centro,81,31
42,Niños,Tienda Oriente,76,22
42,Niños,Tienda Poniente,90,23
42,Calzado,Tienda Norte,89,35
42,Calzado,Tienda Sur,48,18
42,Calzado,Tienda Centro,76,27
42,Calzado,Tienda Oriente,60,17
42,Calzado,Tienda Poniente,79,33
42,Hombre,Tienda Norte,66,21
42,Hombre,Tienda Sur,51,12
42,Hombre,Tienda Centro,59,16
42,Hombre,Tienda Oriente,53,16
42,Hombre,Tienda Poniente,67,17
42,Accesorios,Tienda Norte,126,51
42,Accesorios,Tienda Sur,76,21
42,Accesorios,Tienda Centro,97,22
42,Accesorios,Tienda Oriente,80,23
42,Accesorios,Tienda Poniente,88,27
43,Mujer,Tienda Norte,322,268
43,Mujer,Tienda Sur,184,136
43,Mujer,Tienda Centro,270,182
43,Mujer,Tienda Oriente,179,146
43,Mujer,Tienda Poniente,201,119
43,Niños,Tienda Norte,160,95
43,Niños,Tienda Sur,93,67
43,Niños,Tienda Centro,161,108
43,Niños,Tienda Oriente,123,94
43,Niños,Tienda Poniente,111,79
43,Calzado,Tienda Norte,130,95
43,Calzado,Tienda Sur,90,67
43,Calzado,Tienda Centro,111,70
43,Calzado,Tienda Oriente,88,57
43,Calzado,Tienda Poniente,119,86
43,Hombre,Tienda Norte,107,70
43,Hombre,Tienda Sur,76,56
43,Hombre,Tienda Centro,101,63
43,Hombre,Tienda Oriente,70,52
43,Hombre,Tienda Poniente,77,59
43,Accesorios,Tienda Norte,126,35
43,Accesorios,Tienda Sur,82,25
43,Accesorios,Tienda Centro,92,25
43,Accesorios,Tienda Oriente,86,32
43,Accesorios,Tienda Poniente,81,21
44,Mujer,Tienda Norte,217,128
44,Mujer,Tienda Sur,119,68
44,Mujer,Tienda Centro,146,70
44,Mujer,Tienda Oriente,126,75
44,Mujer,Tienda Poniente,141,68
44,Niños,Tienda Norte,115,36
44,Niños,Tienda Sur,67,28
44,Niños,Tienda Centro,80,22
44,Niños,Tienda Oriente,70,23
44,Niños,Tienda Poniente,77,33
44,Calzado,Tienda Norte,141,114
44,Calzado,Tienda Sur,81,54
44,Calzado,Tienda Centro,110,79
44,Calzado,Tienda Oriente,77,49
44,Calzado,Tienda Poniente,89,70
44,Hombre,Tienda Norte,87,31
44,Hombre,Tienda Sur,54,14
44,Hombre,Tienda Centro,60,26
44,Hombre,Tienda Oriente,50,16
44,Hombre,Tienda Poniente,62,15
44,Accesorios,Tienda Norte,108,42
44,Accesorios,Tienda Sur,73,20
44,Accesorios,Tienda Centro,113,34
44,Accesorios,Tienda Oriente,83,31
44,Accesorios,Tienda Poniente,95,34
45,Mujer,Tienda Norte,177,40
45,Mujer,Tienda Sur,105,32
45,Mujer,Tienda Centro,117,44
45,Mujer,Tienda Oriente,96,21
45,Mujer,Tienda Poniente,108,37
45,Niños,Tienda Norte,96,23
45,Niños,Tienda Sur,58,13
45,Niños,Tienda Centro,100,20
45,Niños,Tienda Oriente,74,21
45,Niños,Tienda Poniente,76,20
45,Calzado,Tienda Norte,85,18
45,Calzado,Tienda Sur,63,17
45,Calzado,Tienda Centro,70,17
45,Calzado,Tienda Oriente,58,22
45,Calzado,Tienda Poniente,64,22
45,Hombre,Tienda Norte,78,22
45,Hombre,Tienda Sur,54,18
45,Hombre,Tienda Centro,68,21
45,Hombre,Tienda Oriente,55,16
45,Hombre,Tienda Poniente,60,21
45,Accesorios,Tienda Norte,204,131
45,Accesorios,Tienda Sur,117,79
45,Accesorios,Tienda Centro,173,126
45,Accesorios,Tienda Oriente,110,69
45,Accesorios,Tienda Poniente,153,88
46,Mujer,Tienda Norte,201,135
46,Mujer,Tienda Sur,154,116
46,Mujer,Tienda Centro,200,125
46,Mujer,Tienda Oriente,165,108
46,Mujer,Tienda Poniente,182,137
46,Niños,Tienda Norte,164,137
46,Niños,Tienda Sur,80,66
46,Niños,Tienda Centro,109,76
46,Niños,Tienda Oriente,91,53
46,Niños,Tienda Poniente,114,84
46,Calzado,Tienda Norte,85,33
46,Calzado,Tienda Sur,58,14
46,Calzado,Tienda Centro,81,19
46,Calzado,Tienda Oriente,66,19
46,Calzado,Tienda Poniente,74,17
46,Hombre,Tienda Norte,84,26
46,Hombre,Tienda Sur,43,12
46,Hombre,Tienda Centro,63,23
46,Hombre,Tienda Oriente,60,26
46,Hombre,Tienda Poniente,52,18
46,Accesorios,Tienda Norte,103,36
46,Accesorios,Tienda Sur,62,18
46,Accesorios,Tienda Centro,89,38
46,Accesorios,Tienda Oriente,91,40
46,Accesorios,Tienda Poniente,81,27
47,Mujer,Tienda Norte,257,221
47,Mujer,Tienda Sur,156,119
47,Mujer,Tienda Centro,204,161
47,Mujer,Tienda Oriente,198,118
47,Mujer,Tienda Poniente,179,144
47,Niños,Tienda Norte,149,92
47,Niños,Tienda Sur,97,67
47,Niños,Tienda Centro,145,110
47,Niños,Tienda Oriente,112,71
47,Niños,Tienda Poniente,115,72
47,Calzado,Tienda Norte,133,71
47,Calzado,Tienda Sur,82,45
47,Calzado,Tienda Centro,104,45
47,Calzado,Tienda Oriente,77,49
47,Calzado,Tienda Poniente,100,56
47,Hombre,Tienda Norte,73,25
47,Hombre,Tienda Sur,41,11
47,Hombre,Tienda Centro,72,16
47,Hombre,Tienda Oriente,50,16
47,Hombre,Tienda Poniente,68,17
47,Accesorios,Tienda Norte,115,39
47,Accesorios,Tienda Sur,62,16
47,Accesorios,Tienda Centro,99,39
47,Accesorios,Tienda Oriente,90,38
47,Accesorios,Tienda Poniente,86,20
