fecha,producto,ventas
2023-01-01,Laptop Pro,2971.18
2023-01-01,Monitor 4K,2965.42
2023-01-01,Teclado Mecanico,2977.74
2023-01-01,Mouse Inalambrico,3140.4
2023-01-01,Auriculares BT,2974.48
2023-01-02,Laptop Pro,3107.22
2023-01-02,Monitor 4K,3473.15
2023-01-02,Teclado Mecanico,3353.22
2023-01-02,Mouse Inalambrico,3363.29
2023-01-02,Auriculares BT,3429.86
2023-01-03,Laptop Pro,3565.46
2023-01-03,Monitor 4K,3751.71
2023-01-03,Teclado Mecanico,3650.33
2023-01-03,Mouse Inalambrico,3541.1
2023-01-03,Auriculares BT,3371.34
2023-01-04,Laptop Pro,3061.31
2023-01-04,Monitor 4K,3313.51
2023-01-04,Teclado Mecanico,3526.45
2023-01-04,Mouse Inalambrico,3272.57
2023-01-04,Auriculares BT,3242.97
2023-01-05,Laptop Pro,2952.46
2023-01-05,Monitor 4K,2555.39
2023-01-05,Teclado Mecanico,2783.64
2023-01-05,Mouse Inalambrico,2944.17
2023-01-05,Auriculares BT,3020.78
2023-01-06,Laptop Pro,2543.18
2023-01-06,Monitor 4K,2666.63
2023-01-06,Teclado Mecanico,2640.95
2023-01-06,Mouse Inalambrico,2747.77
2023-01-06,Auriculares BT,2368.66
2023-01-07,Laptop Pro,2817.22
2023-01-07,Monitor 4K,2400.66
2023-01-07,Teclado Mecanico,2179.58
2023-01-07,Mouse Inalambrico,2582.19
2023-01-07,Auriculares BT,2520.4
2023-01-08,Laptop Pro,3285.37
2023-01-08,Monitor 4K,3243.02
2023-01-08,Teclado Mecanico,2866.35
2023-01-08,Mouse Inalambrico,3279.64
2023-01-08,Auriculares BT,2909.73
2023-01-09,Laptop Pro,3499.49
2023-01-09,Monitor 4K,3457.96
2023-01-09,Teclado Mecanico,3539.62
2023-01-09,Mouse Inalambrico,3680.47
2023-01-09,Auriculares BT,3644.42
2023-01-10,Laptop Pro,3698.89
2023-01-10,Monitor 4K,3758.9
2023-01-10,Teclado Mecanico,3724.61
2023-01-10,Mouse Inalambrico,3503.51
2023-01-10,Auriculares BT,3485.44
2023-01-11,Laptop Pro,3279.98
2023-01-11,Monitor 4K,3473.84
2023-01-11,Teclado Mecanico,3323.95
2023-01-11,Mouse Inalambrico,3841.13
2023-01-11,Auriculares BT,3210.12
2023-01-12,Laptop Pro,2735.86
2023-01-12,Monitor 4K,3109.33
2023-01-12,Teclado Mecanico,3240.01
2023-01-12,Mouse Inalambrico,3056.78
2023-01-12,Auriculares BT,3122.8
2023-01-13,Laptop Pro,2985.89
2023-01-13,Monitor 4K,2681.81
2023-01-13,Teclado Mecanico,2416.03
2023-01-13,Mouse Inalambrico,2594.2
2023-01-13,Auriculares BT,2891.2
2023-01-14,Laptop Pro,2523.89
2023-01-14,Monitor 4K,2819.33
2023-01-14,Teclado Mecanico,2863.27
2023-01-14,Mouse Inalambrico,2749.5
2023-01-14,Auriculares BT,2957.35
2023-01-15,Laptop Pro,3335.09
2023-01-15,Monitor 4K,3683.22
2023-01-15,Teclado Mecanico,3342.93
2023-01-15,Mouse Inalambrico,3097.06
2023-01-15,Auriculares BT,3106.58
2023-01-16,Laptop Pro,3458.88
2023-01-16,Monitor 4K,3815.65
2023-01-16,Teclado Mecanico,3511.83
2023-01-16,Mouse Inalambrico,3611.15
2023-01-16,Auriculares BT,3775.06
2023-01-17,Laptop Pro,3592.34
2023-01-17,Monitor 4K,3678.3
2023-01-17,Teclado Mecanico,3368.77
2023-01-17,Mouse Inalambrico,3520.53
2023-01-17,Auriculares BT,3623.48
2023-01-18,Laptop Pro,3564.88
2023-01-18,Monitor 4K,3720.43
2023-01-18,Teclado Mecanico,3478.03
2023-01-18,Mouse Inalambrico,3534.0
2023-01-18,Auriculares BT,3515.32
2023-01-19,Laptop Pro,3279.94
2023-01-19,Monitor 4K,3241.67
2023-01-19,Teclado Mecanico,3117.73
2023-01-19,Mouse Inalambrico,2860.81
2023-01-19,Auriculares BT,3243.67
2023-01-20,Laptop Pro,2883.76
2023-01-20,Monitor 4K,3052.94
2023-01-20,Teclado Mecanico,2801.57
2023-01-20,Mouse Inalambrico,3198.17
2023-01-20,Auriculares BT,2735.78
2023-01-21,Laptop Pro,3237.71
2023-01-21,Monitor 4K,2942.13
2023-01-21,Teclado Mecanico,2815.85
2023-01-21,Mouse Inalambrico,2693.41
2023-01-21,Auriculares BT,2888.9
2023-01-22,Laptop Pro,3609.61
2023-01-22,Monitor 4K,3488.22
2023-01-22,Teclado Mecanico,3462.72
2023-01-22,Mouse Inalambrico,2849.77
2023-01-22,Auriculares BT,3467.13
2023-01-23,Laptop Pro,3841.87
2023-01-23,Monitor 4K,3620.71
2023-01-23,Teclado Mecanico,3605.22
2023-01-23,Mouse Inalambrico,3730.23
2023-01-23,Auriculares BT,4075.67
2023-01-24,Laptop Pro,3630.97
2023-01-24,Monitor 4K,3756.43
2023-01-24,Teclado Mecanico,4114.35
2023-01-24,Mouse Inalambrico,3752.76
2023-01-24,Auriculares BT,3769.14
2023-01-25,Laptop Pro,3605.69
2023-01-25,Monitor 4K,3337.87
2023-01-25,Teclado Mecanico,3630.12
2023-01-25,Mouse Inalambrico,3344.21
2023-01-25,Auriculares BT,3763.17
2023-01-26,Laptop Pro,3167.45
2023-01-26,Monitor 4K,3623.5
2023-01-26,Teclado Mecanico,3222.98
2023-01-26,Mouse Inalambrico,3439.95
2023-01-26,Auriculares BT,2906.16
2023-01-27,Laptop Pro,2886.33
2023-01-27,Monitor 4K,2975.39
2023-01-27,Teclado Mecanico,3259.9
2023-01-27,Mouse Inalambrico,2574.57
2023-01-27,Auriculares BT,3108.88
2023-01-28,Laptop Pro,3139.94
2023-01-28,Monitor 4K,3328.38
2023-01-28,Teclado Mecanico,3164.14
2023-01-28,Mouse Inalambrico,3032.08
2023-01-28,Auriculares BT,2917.34
2023-01-29,Laptop Pro,3177.2
2023-01-29,Monitor 4K,3465.92
2023-01-29,Teclado Mecanico,3388.5
2023-01-29,Mouse Inalambrico,3830.89
2023-01-29,Auriculares BT,3304.64
2023-01-30,Laptop Pro,3895.98
2023-01-30,Monitor 4K,3518.1
2023-01-30,Teclado Mecanico,3752.81
2023-01-30,Mouse Inalambrico,3884.13
2023-01-30,Auriculares BT,3996.69
2023-01-31,Laptop Pro,4232.1
2023-01-31,Monitor 4K,3933.65
2023-01-31,Teclado Mecanico,3719.04
2023-01-31,Mouse Inalambrico,4034.05
2023-01-31,Auriculares BT,4045.88
2023-02-01,Laptop Pro,3784.21
2023-02-01,Monitor 4K,3545.82
2023-02-01,Teclado Mecanico,3912.56
2023-02-01,Mouse Inalambrico,3703.46
2023-02-01,Auriculares BT,3825.84
2023-02-02,Laptop Pro,3520.61
2023-02-02,Monitor 4K,3387.65
2023-02-02,Teclado Mecanico,3323.09
2023-02-02,Mouse Inalambrico,3696.35
2023-02-02,Auriculares BT,3314.53
2023-02-03,Laptop Pro,2949.75
2023-02-03,Monitor 4K,3031.33
2023-02-03,Teclado Mecanico,3305.49
2023-02-03,Mouse Inalambrico,3032.68
2023-02-03,Auriculares BT,3112.82
2023-02-04,Laptop Pro,3358.18
2023-02-04,Monitor 4K,3016.46
2023-02-04,Teclado Mecanico,2773.72
2023-02-04,Mouse Inalambrico,3178.92
2023-02-04,Auriculares BT,3164.98
2023-02-05,Laptop Pro,3401.76
2023-02-05,Monitor 4K,3697.58
2023-02-05,Teclado Mecanico,3644.87
2023-02-05,Mouse Inalambrico,3324.36
2023-02-05,Auriculares BT,3627.01
2023-02-06,Laptop Pro,3888.33
2023-02-06,Monitor 4K,3630.95
2023-02-06,Teclado Mecanico,4018.15
2023-02-06,Mouse Inalambrico,3918.51
2023-02-06,Auriculares BT,3778.5
2023-02-07,Laptop Pro,4141.83
2023-02-07,Monitor 4K,4134.86
2023-02-07,Teclado Mecanico,3921.74
2023-02-07,Mouse Inalambrico,4117.32
2023-02-07,Auriculares BT,4240.26
2023-02-08,Laptop Pro,3637.19
2023-02-08,Monitor 4K,3855.9
2023-02-08,Teclado Mecanico,3780.27
2023-02-08,Mouse Inalambrico,4232.93
2023-02-08,Auriculares BT,3407.26
2023-02-09,Laptop Pro,3497.75
2023-02-09,Monitor 4K,3297.45
2023-02-09,Teclado Mecanico,3338.66
2023-02-09,Mouse Inalambrico,3739.01
2023-02-09,Auriculares BT,3356.98
2023-02-10,Laptop Pro,3549.07
2023-02-10,Monitor 4K,3012.45
2023-02-10,Teclado Mecanico,3170.98
2023-02-10,Mouse Inalambrico,3002.71
2023-02-10,Auriculares BT,2962.74
2023-02-11,Laptop Pro,3222.48
2023-02-11,Monitor 4K,3153.47
2023-02-11,Teclado Mecanico,3250.49
2023-02-11,Mouse Inalambrico,2788.98
2023-02-11,Auriculares BT,3610.48
2023-02-12,Laptop Pro,3579.91
2023-02-12,Monitor 4K,3961.89
2023-02-12,Teclado Mecanico,3411.89
2023-02-12,Mouse Inalambrico,3671.81
2023-02-12,Auriculares BT,4246.3
2023-02-13,Laptop Pro,3842.52
2023-02-13,Monitor 4K,3717.41
2023-02-13,Teclado Mecanico,3907.17
2023-02-13,Mouse Inalambrico,4110.97
2023-02-13,Auriculares BT,4155.14
2023-02-14,Laptop Pro,4383.18
2023-02-14,Monitor 4K,4073.7
2023-02-14,Teclado Mecanico,3804.66
2023-02-14,Mouse Inalambrico,4038.1
2023-02-14,Auriculares BT,4373.15
2023-02-15,Laptop Pro,3959.64
2023-02-15,Monitor 4K,3475.12
2023-02-15,Teclado Mecanico,3859.5
2023-02-15,Mouse Inalambrico,4146.14
2023-02-15,Auriculares BT,4291.82
2023-02-16,Laptop Pro,3556.72
2023-02-16,Monitor 4K,3506.24
2023-02-16,Teclado Mecanico,3196.34
2023-02-16,Mouse Inalambrico,3275.73
2023-02-16,Auriculares BT,3453.77
2023-02-17,Laptop Pro,3286.09
2023-02-17,Monitor 4K,3301.49
2023-02-17,Teclado Mecanico,3089.81
2023-02-17,Mouse Inalambrico,2955.06
2023-02-17,Auriculares BT,3029.89
2023-02-18,Laptop Pro,3062.02
2023-02-18,Monitor 4K,3422.1
2023-02-18,Teclado Mecanico,2830.96
2023-02-18,Mouse Inalambrico,3226.76
2023-02-18,Auriculares BT,3383.39
2023-02-19,Laptop Pro,3999.98
2023-02-19,Monitor 4K,3709.84
2023-02-19,Teclado Mecanico,3895.83
2023-02-19,Mouse Inalambrico,3615.78
2023-02-19,Auriculares BT,3546.7
2023-02-20,Laptop Pro,3962.68
2023-02-20,Monitor 4K,4403.03
2023-02-20,Teclado Mecanico,4296.4
2023-02-20,Mouse Inalambrico,4195.04
2023-02-20,Auriculares BT,4763.61
2023-02-21,Laptop Pro,4198.53
2023-02-21,Monitor 4K,4329.07
2023-02-21,Teclado Mecanico,4266.51
2023-02-21,Mouse Inalambrico,4160.62
2023-02-21,Auriculares BT,4668.23
2023-02-22,Laptop Pro,4246.5
2023-02-22,Monitor 4K,3665.28
2023-02-22,Teclado Mecanico,3865.21
2023-02-22,Mouse Inalambrico,4030.85
2023-02-22,Auriculares BT,4101.82
2023-02-23,Laptop Pro,3252.13
2023-02-23,Monitor 4K,3070.7
2023-02-23,Teclado Mecanico,3140.54
2023-02-23,Mouse Inalambrico,3507.59
2023-02-23,Auriculares BT,3501.17
2023-02-24,Laptop Pro,3330.67
2023-02-24,Monitor 4K,3107.69
2023-02-24,Teclado Mecanico,3016.78
2023-02-24,Mouse Inalambrico,2857.02
2023-02-24,Auriculares BT,3327.46
2023-02-25,Laptop Pro,3442.33
2023-02-25,Monitor 4K,3566.91
2023-02-25,Teclado Mecanico,3526.47
2023-02-25,Mouse Inalambrico,3330.17
2023-02-25,Auriculares BT,3638.17
2023-02-26,Laptop Pro,3741.91
2023-02-26,Monitor 4K,3637.01
2023-02-26,Teclado Mecanico,3665.07
2023-02-26,Mouse Inalambrico,3652.22
2023-02-26,Auriculares BT,3336.03
2023-02-27,Laptop Pro,4201.12
2023-02-27,Monitor 4K,4219.83
2023-02-27,Teclado Mecanico,4097.4
2023-02-27,Mouse Inalambrico,4027.08
2023-02-27,Auriculares BT,4244.21
2023-02-28,Laptop Pro,4619.33
2023-02-28,Monitor 4K,4283.61
2023-02-28,Teclado Mecanico,4174.43
2023-02-28,Mouse Inalambrico,4157.67
2023-02-28,Auriculares BT,4262.01
2023-03-01,Laptop Pro,3761.84
2023-03-01,Monitor 4K,3989.74
2023-03-01,Teclado Mecanico,4027.03
2023-03-01,Mouse Inalambrico,4383.73
2023-03-01,Auriculares BT,4203.49
2023-03-02,Laptop Pro,3796.88
2023-03-02,Monitor 4K,3447.48
2023-03-02,Teclado Mecanico,3724.05
2023-03-02,Mouse Inalambrico,3362.19
2023-03-02,Auriculares BT,3652.46
2023-03-03,Laptop Pro,3412.25
2023-03-03,Monitor 4K,3175.22
2023-03-03,Teclado Mecanico,3728.38
2023-03-03,Mouse Inalambrico,3441.98
2023-03-03,Auriculares BT,2947.96
2023-03-04,Laptop Pro,3544.37
2023-03-04,Monitor 4K,3352.32
2023-03-04,Teclado Mecanico,3434.07
2023-03-04,Mouse Inalambrico,3526.95
2023-03-04,Auriculares BT,3511.9
2023-03-05,Laptop Pro,3425.42
2023-03-05,Monitor 4K,3601.59
2023-03-05,Teclado Mecanico,3987.78
2023-03-05,Mouse Inalambrico,4093.49
2023-03-05,Auriculares BT,4213.88
2023-03-06,Laptop Pro,4593.13
2023-03-06,Monitor 4K,3821.39
2023-03-06,Teclado Mecanico,4386.4
2023-03-06,Mouse Inalambrico,3849.24
2023-03-06,Auriculares BT,4555.22
2023-03-07,Laptop Pro,4387.84
2023-03-07,Monitor 4K,4108.93
2023-03-07,Teclado Mecanico,4739.15
2023-03-07,Mouse Inalambrico,4465.96
2023-03-07,Auriculares BT,3958.94
2023-03-08,Laptop Pro,4133.25
2023-03-08,Monitor 4K,3928.32
2023-03-08,Teclado Mecanico,4096.81
2023-03-08,Mouse Inalambrico,3981.51
2023-03-08,Auriculares BT,4349.25
2023-03-09,Laptop Pro,3363.7
2023-03-09,Monitor 4K,3711.84
2023-03-09,Teclado Mecanico,4011.2
2023-03-09,Mouse Inalambrico,3482.97
2023-03-09,Auriculares BT,3690.49
2023-03-10,Laptop Pro,3425.71
2023-03-10,Monitor 4K,3247.37
2023-03-10,Teclado Mecanico,3514.89
2023-03-10,Mouse Inalambrico,3404.72
2023-03-10,Auriculares BT,3196.56
2023-03-11,Laptop Pro,3841.52
2023-03-11,Monitor 4K,3647.44
2023-03-11,Teclado Mecanico,3455.7
2023-03-11,Mouse Inalambrico,3361.78
2023-03-11,Auriculares BT,3332.25
2023-03-12,Laptop Pro,4133.26
2023-03-12,Monitor 4K,3857.77
2023-03-12,Teclado Mecanico,3978.96
2023-03-12,Mouse Inalambrico,3850.18
2023-03-12,Auriculares BT,4010.35
2023-03-13,Laptop Pro,4261.6
2023-03-13,Monitor 4K,4437.57
2023-03-13,Teclado Mecanico,4248.16
2023-03-13,Mouse Inalambrico,4450.72
2023-03-13,Auriculares BT,4419.28
2023-03-14,Laptop Pro,4364.62
2023-03-14,Monitor 4K,4215.99
2023-03-14,Teclado Mecanico,4199.92
2023-03-14,Mouse Inalambrico,4239.79
2023-03-14,Auriculares BT,4191.04
2023-03-15,Laptop Pro,4296.95
2023-03-15,Monitor 4K,4114.47
2023-03-15,Teclado Mecanico,4437.81
2023-03-15,Mouse Inalambrico,4579.65
2023-03-15,Auriculares BT,4128.63
2023-03-16,Laptop Pro,3386.44
2023-03-16,Monitor 4K,3619.76
2023-03-16,Teclado Mecanico,3680.98
2023-03-16,Mouse Inalambrico,3398.36
2023-03-16,Auriculares BT,3645.95
2023-03-17,Laptop Pro,3488.83
2023-03-17,Monitor 4K,3339.55
2023-03-17,Teclado Mecanico,3277.75
2023-03-17,Mouse Inalambrico,3279.69
2023-03-17,Auriculares BT,3788.78
2023-03-18,Laptop Pro,3501.75
2023-03-18,Monitor 4K,3367.69
2023-03-18,Teclado Mecanico,3459.1
2023-03-18,Mouse Inalambrico,3724.54
2023-03-18,Auriculares BT,3396.74
2023-03-19,Laptop Pro,4026.42
2023-03-19,Monitor 4K,4075.63
2023-03-19,Teclado Mecanico,4079.87
2023-03-19,Mouse Inalambrico,4209.99
2023-03-19,Auriculares BT,3819.95
2023-03-20,Laptop Pro,4552.74
2023-03-20,Monitor 4K,4167.63
2023-03-20,Teclado Mecanico,4246.89
2023-03-20,Mouse Inalambrico,4565.41
2023-03-20,Auriculares BT,4490.67
2023-03-21,Laptop Pro,4428.16
2023-03-21,Monitor 4K,4189.46
2023-03-21,Teclado Mecanico,4540.07
2023-03-21,Mouse Inalambrico,4301.67
2023-03-21,Auriculares BT,4242.97
2023-03-22,Laptop Pro,4032.36
2023-03-22,Monitor 4K,4211.29
2023-03-22,Teclado Mecanico,3737.78
2023-03-22,Mouse Inalambrico,4234.14
2023-03-22,Auriculares BT,4196.77
2023-03-23,Laptop Pro,3615.73
2023-03-23,Monitor 4K,3940.02
2023-03-23,Teclado Mecanico,3854.93
2023-03-23,Mouse Inalambrico,3611.38
2023-03-23,Auriculares BT,3598.63
2023-03-24,Laptop Pro,3605.45
2023-03-24,Monitor 4K,3163.2
2023-03-24,Teclado Mecanico,3399.89
2023-03-24,Mouse Inalambrico,3340.21
2023-03-24,Auriculares BT,3480.39
2023-03-25,Laptop Pro,3609.26
2023-03-25,Monitor 4K,3574.39
2023-03-25,Teclado Mecanico,3794.0
2023-03-25,Mouse Inalambrico,3612.64
2023-03-25,Auriculares BT,3504.03
2023-03-26,Laptop Pro,3719.61
2023-03-26,Monitor 4K,4106.15
2023-03-26,Teclado Mecanico,4067.41
2023-03-26,Mouse Inalambrico,4251.94
2023-03-26,Auriculares BT,3812.29
2023-03-27,Laptop Pro,4361.57
2023-03-27,Monitor 4K,4344.55
2023-03-27,Teclado Mecanico,4338.77
2023-03-27,Mouse Inalambrico,4358.37
2023-03-27,Auriculares BT,4013.38
2023-03-28,Laptop Pro,4621.2
2023-03-28,Monitor 4K,4586.84
2023-03-28,Teclado Mecanico,4682.29
2023-03-28,Mouse Inalambrico,4906.11
2023-03-28,Auriculares BT,4392.41
2023-03-29,Laptop Pro,4181.57
2023-03-29,Monitor 4K,4190.76
2023-03-29,Teclado Mecanico,4577.24
2023-03-29,Mouse Inalambrico,3842.56
2023-03-29,Auriculares BT,4285.96
2023-03-30,Laptop Pro,3463.64
2023-03-30,Monitor 4K,3241.49
2023-03-30,Teclado Mecanico,3353.64
2023-03-30,Mouse Inalambrico,3481.45
2023-03-30,Auriculares BT,3971.61
2023-03-31,Laptop Pro,3316.26
2023-03-31,Monitor 4K,3444.44
2023-03-31,Teclado Mecanico,3257.23
2023-03-31,Mouse Inalambrico,3612.13
2023-03-31,Auriculares BT,3269.54
2023-04-01,Laptop Pro,3852.43
2023-04-01,Monitor 4K,3390.28
2023-04-01,Teclado Mecanico,3435.93
2023-04-01,Mouse Inalambrico,3613.45
2023-04-01,Auriculares BT,3593.84
2023-04-02,Laptop Pro,4266.93
2023-04-02,Monitor 4K,4006.07
2023-04-02,Teclado Mecanico,3740.43
2023-04-02,Mouse Inalambrico,3869.93
2023-04-02,Auriculares BT,3867.44
2023-04-03,Laptop Pro,4519.86
2023-04-03,Monitor 4K,4451.61
2023-04-03,Teclado Mecanico,4350.97
2023-04-03,Mouse Inalambrico,4548.77
2023-04-03,Auriculares BT,4269.15
2023-04-04,Laptop Pro,4445.85
2023-04-04,Monitor 4K,4509.25
2023-04-04,Teclado Mecanico,4778.74
2023-04-04,Mouse Inalambrico,4453.39
2023-04-04,Auriculares BT,4402.94
2023-04-05,Laptop Pro,3994.88
2023-04-05,Monitor 4K,4341.26
2023-04-05,Teclado Mecanico,4086.52
2023-04-05,Mouse Inalambrico,4272.78
2023-04-05,Auriculares BT,3823.72
2023-04-06,Laptop Pro,3980.03
2023-04-06,Monitor 4K,3505.0
2023-04-06,Teclado Mecanico,3615.92
2023-04-06,Mouse Inalambrico,3983.11
2023-04-06,Auriculares BT,3504.5
2023-04-07,Laptop Pro,3485.97
2023-04-07,Monitor 4K,3516.71
2023-04-07,Teclado Mecanico,3302.15
2023-04-07,Mouse Inalambrico,3770.45
2023-04-07,Auriculares BT,3801.62
2023-04-08,Laptop Pro,3204.85
2023-04-08,Monitor 4K,3309.37
2023-04-08,Teclado Mecanico,3760.81
2023-04-08,Mouse Inalambrico,3338.56
2023-04-08,Auriculares BT,3521.44
2023-04-09,Laptop Pro,4016.52
2023-04-09,Monitor 4K,4128.98
2023-04-09,Teclado Mecanico,3945.95
2023-04-09,Mouse Inalambrico,4009.65
2023-04-09,Auriculares BT,3835.26
2023-04-10,Laptop Pro,4640.28
2023-04-10,Monitor 4K,4282.74
2023-04-10,Teclado Mecanico,4449.75
2023-04-10,Mouse Inalambrico,4279.48
2023-04-10,Auriculares BT,4403.07
2023-04-11,Laptop Pro,4444.77
2023-04-11,Monitor 4K,4445.91
2023-04-11,Teclado Mecanico,4275.65
2023-04-11,Mouse Inalambrico,4637.69
2023-04-11,Auriculares BT,4761.21
2023-04-12,Laptop Pro,4256.33
2023-04-12,Monitor 4K,4354.17
2023-04-12,Teclado Mecanico,4375.31
2023-04-12,Mouse Inalambrico,4393.3
2023-04-12,Auriculares BT,4268.37
2023-04-13,Laptop Pro,3815.85
2023-04-13,Monitor 4K,3946.2
2023-04-13,Teclado Mecanico,3787.17
2023-04-13,Mouse Inalambrico,3578.62
2023-04-13,Auriculares BT,3778.17
2023-04-14,Laptop Pro,3124.54
2023-04-14,Monitor 4K,3501.05
2023-04-14,Teclado Mecanico,3584.9
2023-04-14,Mouse Inalambrico,3749.42
2023-04-14,Auriculares BT,3532.48
2023-04-15,Laptop Pro,3783.52
2023-04-15,Monitor 4K,3597.79
2023-04-15,Teclado Mecanico,3393.2
2023-04-15,Mouse Inalambrico,3315.62
2023-04-15,Auriculares BT,3403.95
2023-04-16,Laptop Pro,3714.47
2023-04-16,Monitor 4K,4114.44
2023-04-16,Teclado Mecanico,3946.17
2023-04-16,Mouse Inalambrico,4101.76
2023-04-16,Auriculares BT,4002.38
2023-04-17,Laptop Pro,4586.08
2023-04-17,Monitor 4K,4589.3
2023-04-17,Teclado Mecanico,4248.2
2023-04-17,Mouse Inalambrico,4322.4
2023-04-17,Auriculares BT,4270.7
2023-04-18,Laptop Pro,4147.98
2023-04-18,Monitor 4K,4607.28
2023-04-18,Teclado Mecanico,4710.0
2023-04-18,Mouse Inalambrico,4470.95
2023-04-18,Auriculares BT,4373.6
2023-04-19,Laptop Pro,4418.1
2023-04-19,Monitor 4K,3730.92
2023-04-19,Teclado Mecanico,4235.41
2023-04-19,Mouse Inalambrico,4228.57
2023-04-19,Auriculares BT,4085.74
2023-04-20,Laptop Pro,4042.32
2023-04-20,Monitor 4K,3958.15
2023-04-20,Teclado Mecanico,3711.77
2023-04-20,Mouse Inalambrico,3746.66
2023-04-20,Auriculares BT,3686.4
2023-04-21,Laptop Pro,3388.8
2023-04-21,Monitor 4K,3229.59
2023-04-21,Teclado Mecanico,3767.21
2023-04-21,Mouse Inalambrico,3696.83
2023-04-21,Auriculares BT,3650.86
2023-04-22,Laptop Pro,3366.43
2023-04-22,Monitor 4K,4001.46
2023-04-22,Teclado Mecanico,3981.33
2023-04-22,Mouse Inalambrico,3622.9
2023-04-22,Auriculares BT,3404.45
2023-04-23,Laptop Pro,3800.22
2023-04-23,Monitor 4K,4057.21
2023-04-23,Teclado Mecanico,3790.9
2023-04-23,Mouse Inalambrico,3966.66
2023-04-23,Auriculares BT,4191.23
2023-04-24,Laptop Pro,4060.13
2023-04-24,Monitor 4K,4762.64
2023-04-24,Teclado Mecanico,4674.84
2023-04-24,Mouse Inalambrico,4114.08
2023-04-24,Auriculares BT,4078.77
2023-04-25,Laptop Pro,4398.21
2023-04-25,Monitor 4K,4248.67
2023-04-25,Teclado Mecanico,4402.15
2023-04-25,Mouse Inalambrico,3938.66
2023-04-25,Auriculares BT,4409.16
2023-04-26,Laptop Pro,4541.58
2023-04-26,Monitor 4K,3957.69
2023-04-26,Teclado Mecanico,4126.4
2023-04-26,Mouse Inalambrico,3883.09
2023-04-26,Auriculares BT,4308.66
2023-04-27,Laptop Pro,3698.48
2023-04-27,Monitor 4K,4131.69
2023-04-27,Teclado Mecanico,3784.91
2023-04-27,Mouse Inalambrico,3669.11
2023-04-27,Auriculares BT,3853.6
2023-04-28,Laptop Pro,3367.98
2023-04-28,Monitor 4K,3201.36
2023-04-28,Teclado Mecanico,3529.61
2023-04-28,Mouse Inalambrico,3434.25
2023-04-28,Auriculares BT,3502.48
2023-04-29,Laptop Pro,3636.85
2023-04-29,Monitor 4K,3459.69
2023-04-29,Teclado Mecanico,3646.07
2023-04-29,Mouse Inalambrico,3909.3
2023-04-29,Auriculares BT,3340.2
2023-04-30,Laptop Pro,4295.93
2023-04-30,Monitor 4K,3899.89
2023-04-30,Teclado Mecanico,3795.12
2023-04-30,Mouse Inalambrico,4433.89
2023-04-30,Auriculares BT,3979.45
2023-05-01,Laptop Pro,4609.01
2023-05-01,Monitor 4K,4498.44
2023-05-01,Teclado Mecanico,3998.81
2023-05-01,Mouse Inalambrico,4359.09
2023-05-01,Auriculares BT,4229.86
2023-05-02,Laptop Pro,4158.47
2023-05-02,Monitor 4K,4072.49
2023-05-02,Teclado Mecanico,4447.29
2023-05-02,Mouse Inalambrico,4544.88
2023-05-02,Auriculares BT,4504.96
2023-05-03,Laptop Pro,4090.29
2023-05-03,Monitor 4K,3991.75
2023-05-03,Teclado Mecanico,3954.08
2023-05-03,Mouse Inalambrico,4040.42
2023-05-03,Auriculares BT,3944.84
2023-05-04,Laptop Pro,3671.86
2023-05-04,Monitor 4K,3707.94
2023-05-04,Teclado Mecanico,3533.32
2023-05-04,Mouse Inalambrico,3666.11
2023-05-04,Auriculares BT,3560.45
2023-05-05,Laptop Pro,3435.84
2023-05-05,Monitor 4K,3538.15
2023-05-05,Teclado Mecanico,3472.36
2023-05-05,Mouse Inalambrico,3531.17
2023-05-05,Auriculares BT,3106.33
2023-05-06,Laptop Pro,3452.09
2023-05-06,Monitor 4K,3583.17
2023-05-06,Teclado Mecanico,3656.06
2023-05-06,Mouse Inalambrico,3208.22
2023-05-06,Auriculares BT,3559.66
2023-05-07,Laptop Pro,4154.37
2023-05-07,Monitor 4K,3877.36
2023-05-07,Teclado Mecanico,3894.13
2023-05-07,Mouse Inalambrico,4003.17
2023-05-07,Auriculares BT,3962.51
2023-05-08,Laptop Pro,4433.07
2023-05-08,Monitor 4K,4312.63
2023-05-08,Teclado Mecanico,4328.65
2023-05-08,Mouse Inalambrico,4141.66
2023-05-08,Auriculares BT,4264.06
2023-05-09,Laptop Pro,4639.27
2023-05-09,Monitor 4K,4347.81
2023-05-09,Teclado Mecanico,4354.94
2023-05-09,Mouse Inalambrico,4290.35
2023-05-09,Auriculares BT,4546.09
2023-05-10,Laptop Pro,3940.95
2023-05-10,Monitor 4K,4293.99
2023-05-10,Teclado Mecanico,3924.49
2023-05-10,Mouse Inalambrico,3900.33
2023-05-10,Auriculares BT,4153.08
2023-05-11,Laptop Pro,3697.61
2023-05-11,Monitor 4K,3731.09
2023-05-11,Teclado Mecanico,3884.09
2023-05-11,Mouse Inalambrico,3589.08
2023-05-11,Auriculares BT,3760.18
2023-05-12,Laptop Pro,3212.48
2023-05-12,Monitor 4K,3646.28
2023-05-12,Teclado Mecanico,3520.94
2023-05-12,Mouse Inalambrico,3501.75
2023-05-12,Auriculares BT,3432.02
2023-05-13,Laptop Pro,3327.08
2023-05-13,Monitor 4K,3418.72
2023-05-13,Teclado Mecanico,3584.55
2023-05-13,Mouse Inalambrico,3480.36
2023-05-13,Auriculares BT,3508.94
2023-05-14,Laptop Pro,3596.17
2023-05-14,Monitor 4K,3904.35
2023-05-14,Teclado Mecanico,3729.75
2023-05-14,Mouse Inalambrico,3651.47
2023-05-14,Auriculares BT,3837.2
2023-05-15,Laptop Pro,3880.59
2023-05-15,Monitor 4K,4391.61
2023-05-15,Teclado Mecanico,4422.3
2023-05-15,Mouse Inalambrico,4241.21
2023-05-15,Auriculares BT,4053.14
2023-05-16,Laptop Pro,4152.04
2023-05-16,Monitor 4K,4310.89
2023-05-16,Teclado Mecanico,3856.36
2023-05-16,Mouse Inalambrico,4377.21
2023-05-16,Auriculares BT,4474.0
2023-05-17,Laptop Pro,4000.7
2023-05-17,Monitor 4K,3964.2
2023-05-17,Teclado Mecanico,4099.48
2023-05-17,Mouse Inalambrico,4133.21
2023-05-17,Auriculares BT,4281.91
2023-05-18,Laptop Pro,3625.2
2023-05-18,Monitor 4K,3483.57
2023-05-18,Teclado Mecanico,3529.27
2023-05-18,Mouse Inalambrico,3657.91
2023-05-18,Auriculares BT,3932.77
2023-05-19,Laptop Pro,3279.11
2023-05-19,Monitor 4K,3132.66
2023-05-19,Teclado Mecanico,3169.14
2023-05-19,Mouse Inalambrico,2923.89
2023-05-19,Auriculares BT,3409.12
2023-05-20,Laptop Pro,3159.44
2023-05-20,Monitor 4K,3185.0
2023-05-20,Teclado Mecanico,3036.5
2023-05-20,Mouse Inalambrico,3208.11
2023-05-20,Auriculares BT,3545.39
2023-05-21,Laptop Pro,3552.18
2023-05-21,Monitor 4K,3464.52
2023-05-21,Teclado Mecanico,3850.1
2023-05-21,Mouse Inalambrico,3746.22
2023-05-21,Auriculares BT,3900.89
2023-05-22,Laptop Pro,4345.15
2023-05-22,Monitor 4K,4195.34
2023-05-22,Teclado Mecanico,3937.49
2023-05-22,Mouse Inalambrico,4172.28
2023-05-22,Auriculares BT,4297.09
2023-05-23,Laptop Pro,4168.51
2023-05-23,Monitor 4K,3997.62
2023-05-23,Teclado Mecanico,4505.63
2023-05-23,Mouse Inalambrico,4202.06
2023-05-23,Auriculares BT,4203.26
2023-05-24,Laptop Pro,4009.14
2023-05-24,Monitor 4K,4212.05
2023-05-24,Teclado Mecanico,4058.68
2023-05-24,Mouse Inalambrico,3939.31
2023-05-24,Auriculares BT,4142.38
2023-05-25,Laptop Pro,3992.69
2023-05-25,Monitor 4K,3840.84
2023-05-25,Teclado Mecanico,3697.86
2023-05-25,Mouse Inalambrico,3338.83
2023-05-25,Auriculares BT,4313.7
2023-05-26,Laptop Pro,3044.1
2023-05-26,Monitor 4K,3209.47
2023-05-26,Teclado Mecanico,3143.86
2023-05-26,Mouse Inalambrico,3609.21
2023-05-26,Auriculares BT,3367.88
2023-05-27,Laptop Pro,3085.89
2023-05-27,Monitor 4K,3424.83
2023-05-27,Teclado Mecanico,3480.69
2023-05-27,Mouse Inalambrico,3307.62
2023-05-27,Auriculares BT,3127.27
2023-05-28,Laptop Pro,3608.01
2023-05-28,Monitor 4K,3665.65
2023-05-28,Teclado Mecanico,3757.56
2023-05-28,Mouse Inalambrico,3649.04
2023-05-28,Auriculares BT,3900.06
2023-05-29,Laptop Pro,3944.6
2023-05-29,Monitor 4K,3788.31
2023-05-29,Teclado Mecanico,3986.71
2023-05-29,Mouse Inalambrico,4404.37
2023-05-29,Auriculares BT,4019.96
2023-05-30,Laptop Pro,4689.82
2023-05-30,Monitor 4K,4319.95
2023-05-30,Teclado Mecanico,3988.77
2023-05-30,Mouse Inalambrico,4054.8
2023-05-30,Auriculares BT,4270.33
2023-05-31,Laptop Pro,3706.0
2023-05-31,Monitor 4K,4416.44
2023-05-31,Teclado Mecanico,3743.35
2023-05-31,Mouse Inalambrico,4077.71
2023-05-31,Auriculares BT,4233.55
2023-06-01,Laptop Pro,3476.07
2023-06-01,Monitor 4K,3298.74
2023-06-01,Teclado Mecanico,3443.29
2023-06-01,Mouse Inalambrico,3570.35
2023-06-01,Auriculares BT,3673.06
2023-06-02,Laptop Pro,3228.87
2023-06-02,Monitor 4K,2937.49
2023-06-02,Teclado Mecanico,3225.99
2023-06-02,Mouse Inalambrico,3082.86
2023-06-02,Auriculares BT,2780.88
2023-06-03,Laptop Pro,3164.59
2023-06-03,Monitor 4K,3017.61
2023-06-03,Teclado Mecanico,3421.47
2023-06-03,Mouse Inalambrico,3692.94
2023-06-03,Auriculares BT,3675.85
2023-06-04,Laptop Pro,3570.29
2023-06-04,Monitor 4K,3591.45
2023-06-04,Teclado Mecanico,3822.68
2023-06-04,Mouse Inalambrico,3897.18
2023-06-04,Auriculares BT,3601.18
2023-06-05,Laptop Pro,4037.11
2023-06-05,Monitor 4K,4507.03
2023-06-05,Teclado Mecanico,4044.15
2023-06-05,Mouse Inalambrico,3968.58
2023-06-05,Auriculares BT,4089.62
2023-06-06,Laptop Pro,4267.82
2023-06-06,Monitor 4K,3947.55
2023-06-06,Teclado Mecanico,4102.2
2023-06-06,Mouse Inalambrico,3918.61
2023-06-06,Auriculares BT,4096.23
2023-06-07,Laptop Pro,4246.33
2023-06-07,Monitor 4K,4019.29
2023-06-07,Teclado Mecanico,3852.43
2023-06-07,Mouse Inalambrico,3684.32
2023-06-07,Auriculares BT,3808.66
2023-06-08,Laptop Pro,3636.69
2023-06-08,Monitor 4K,3314.21
2023-06-08,Teclado Mecanico,3716.63
2023-06-08,Mouse Inalambrico,3151.82
2023-06-08,Auriculares BT,3368.53
2023-06-09,Laptop Pro,3493.96
2023-06-09,Monitor 4K,2743.84
2023-06-09,Teclado Mecanico,3383.09
2023-06-09,Mouse Inalambrico,2775.13
2023-06-09,Auriculares BT,3127.39
2023-06-10,Laptop Pro,3196.74
2023-06-10,Monitor 4K,3396.11
2023-06-10,Teclado Mecanico,2600.34
2023-06-10,Mouse Inalambrico,2847.69
2023-06-10,Auriculares BT,3118.05
2023-06-11,Laptop Pro,3618.75
2023-06-11,Monitor 4K,3432.73
2023-06-11,Teclado Mecanico,3567.2
2023-06-11,Mouse Inalambrico,3374.14
2023-06-11,Auriculares BT,3531.12
2023-06-12,Laptop Pro,3822.05
2023-06-12,Monitor 4K,4040.21
2023-06-12,Teclado Mecanico,4107.69
2023-06-12,Mouse Inalambrico,4277.99
2023-06-12,Auriculares BT,3860.12
2023-06-13,Laptop Pro,4013.39
2023-06-13,Monitor 4K,4086.54
2023-06-13,Teclado Mecanico,4018.01
2023-06-13,Mouse Inalambrico,4066.59
2023-06-13,Auriculares BT,3764.55
2023-06-14,Laptop Pro,3869.78
2023-06-14,Monitor 4K,3612.39
2023-06-14,Teclado Mecanico,3604.04
2023-06-14,Mouse Inalambrico,3477.8
2023-06-14,Auriculares BT,4027.63
2023-06-15,Laptop Pro,3322.31
2023-06-15,Monitor 4K,3580.33
2023-06-15,Teclado Mecanico,3404.89
2023-06-15,Mouse Inalambrico,3009.76
2023-06-15,Auriculares BT,3133.69
2023-06-16,Laptop Pro,3220.31
2023-06-16,Monitor 4K,2915.58
2023-06-16,Teclado Mecanico,2850.65
2023-06-16,Mouse Inalambrico,3032.84
2023-06-16,Auriculares BT,3033.33
2023-06-17,Laptop Pro,2951.64
2023-06-17,Monitor 4K,3088.79
2023-06-17,Teclado Mecanico,3058.32
2023-06-17,Mouse Inalambrico,2636.02
2023-06-17,Auriculares BT,3254.55
2023-06-18,Laptop Pro,3371.34
2023-06-18,Monitor 4K,3794.51
2023-06-18,Teclado Mecanico,3303.59
2023-06-18,Mouse Inalambrico,3217.7
2023-06-18,Auriculares BT,3771.14
2023-06-19,Laptop Pro,3596.15
2023-06-19,Monitor 4K,3785.93
2023-06-19,Teclado Mecanico,4032.63
2023-06-19,Mouse Inalambrico,3847.23
2023-06-19,Auriculares BT,3582.07
2023-06-20,Laptop Pro,4035.89
2023-06-20,Monitor 4K,3959.42
2023-06-20,Teclado Mecanico,4255.05
2023-06-20,Mouse Inalambrico,4116.01
2023-06-20,Auriculares BT,4605.42
2023-06-21,Laptop Pro,3387.1
2023-06-21,Monitor 4K,3711.95
2023-06-21,Teclado Mecanico,3502.95
2023-06-21,Mouse Inalambrico,3947.23
2023-06-21,Auriculares BT,3880.65
2023-06-22,Laptop Pro,3421.68
2023-06-22,Monitor 4K,3115.41
2023-06-22,Teclado Mecanico,3121.84
2023-06-22,Mouse Inalambrico,2864.94
2023-06-22,Auriculares BT,3612.77
2023-06-23,Laptop Pro,3090.43
2023-06-23,Monitor 4K,2936.61
2023-06-23,Teclado Mecanico,3175.48
2023-06-23,Mouse Inalambrico,3138.96
2023-06-23,Auriculares BT,3183.83
2023-06-24,Laptop Pro,2749.02
2023-06-24,Monitor 4K,2930.96
2023-06-24,Teclado Mecanico,3112.81
2023-06-24,Mouse Inalambrico,3144.81
2023-06-24,Auriculares BT,3265.17
2023-06-25,Laptop Pro,3251.27
2023-06-25,Monitor 4K,3478.44
2023-06-25,Teclado Mecanico,3894.07
2023-06-25,Mouse Inalambrico,3591.38
2023-06-25,Auriculares BT,3627.11
2023-06-26,Laptop Pro,3828.41
2023-06-26,Monitor 4K,3985.77
2023-06-26,Teclado Mecanico,4193.04
2023-06-26,Mouse Inalambrico,3853.57
2023-06-26,Auriculares BT,4077.04
2023-06-27,Laptop Pro,3742.07
2023-06-27,Monitor 4K,4035.11
2023-06-27,Teclado Mecanico,4097.94
2023-06-27,Mouse Inalambrico,3766.69
2023-06-27,Auriculares BT,4136.72
2023-06-28,Laptop Pro,3499.8
2023-06-28,Monitor 4K,3473.8
2023-06-28,Teclado Mecanico,3634.61
2023-06-28,Mouse Inalambrico,4021.25
2023-06-28,Auriculares BT,3696.68
2023-06-29,Laptop Pro,3376.39
2023-06-29,Monitor 4K,3042.87
2023-06-29,Teclado Mecanico,3204.73
2023-06-29,Mouse Inalambrico,2953.92
2023-06-29,Auriculares BT,3075.01
2023-06-30,Laptop Pro,3074.08
2023-06-30,Monitor 4K,2899.27
2023-06-30,Teclado Mecanico,3197.21
2023-06-30,Mouse Inalambrico,2866.47
2023-06-30,Auriculares BT,2867.37
2023-07-01,Laptop Pro,2742.78
2023-07-01,Monitor 4K,2357.72
2023-07-01,Teclado Mecanico,2183.49
2023-07-01,Mouse Inalambrico,2747.69
2023-07-01,Auriculares BT,2570.28
2023-07-02,Laptop Pro,2433.25
2023-07-02,Monitor 4K,2875.19
2023-07-02,Teclado Mecanico,2785.53
2023-07-02,Mouse Inalambrico,3215.25
2023-07-02,Auriculares BT,2720.49
2023-07-03,Laptop Pro,3128.98
2023-07-03,Monitor 4K,3063.05
2023-07-03,Teclado Mecanico,3034.32
2023-07-03,Mouse Inalambrico,3105.03
2023-07-03,Auriculares BT,2957.95
2023-07-04,Laptop Pro,3123.37
2023-07-04,Monitor 4K,3008.29
2023-07-04,Teclado Mecanico,3030.15
2023-07-04,Mouse Inalambrico,3017.67
2023-07-04,Auriculares BT,3225.38
2023-07-05,Laptop Pro,2910.29
2023-07-05,Monitor 4K,2801.73
2023-07-05,Teclado Mecanico,3142.68
2023-07-05,Mouse Inalambrico,3037.41
2023-07-05,Auriculares BT,2960.63
2023-07-06,Laptop Pro,2508.29
2023-07-06,Monitor 4K,2919.66
2023-07-06,Teclado Mecanico,2649.05
2023-07-06,Mouse Inalambrico,2696.16
2023-07-06,Auriculares BT,2083.88
2023-07-07,Laptop Pro,2187.78
2023-07-07,Monitor 4K,1884.33
2023-07-07,Teclado Mecanico,2233.29
2023-07-07,Mouse Inalambrico,2393.19
2023-07-07,Auriculares BT,2183.67
2023-07-08,Laptop Pro,2506.78
2023-07-08,Monitor 4K,2198.5
2023-07-08,Teclado Mecanico,2518.22
2023-07-08,Mouse Inalambrico,2092.33
2023-07-08,Auriculares BT,2350.72
2023-07-09,Laptop Pro,2865.93
2023-07-09,Monitor 4K,2889.16
2023-07-09,Teclado Mecanico,2756.52
2023-07-09,Mouse Inalambrico,3169.92
2023-07-09,Auriculares BT,2699.09
2023-07-10,Laptop Pro,3070.72
2023-07-10,Monitor 4K,2609.02
2023-07-10,Teclado Mecanico,3514.7
2023-07-10,Mouse Inalambrico,3087.12
2023-07-10,Auriculares BT,2925.71
2023-07-11,Laptop Pro,3509.71
2023-07-11,Monitor 4K,3492.63
2023-07-11,Teclado Mecanico,3267.19
2023-07-11,Mouse Inalambrico,2958.54
2023-07-11,Auriculares BT,3329.32
2023-07-12,Laptop Pro,2838.82
2023-07-12,Monitor 4K,2728.94
2023-07-12,Teclado Mecanico,3171.77
2023-07-12,Mouse Inalambrico,2536.58
2023-07-12,Auriculares BT,3076.53
2023-07-13,Laptop Pro,2609.22
2023-07-13,Monitor 4K,2927.55
2023-07-13,Teclado Mecanico,2582.38
2023-07-13,Mouse Inalambrico,2105.66
2023-07-13,Auriculares BT,2350.12
2023-07-14,Laptop Pro,2247.93
2023-07-14,Monitor 4K,2306.11
2023-07-14,Teclado Mecanico,2431.16
2023-07-14,Mouse Inalambrico,1843.06
2023-07-14,Auriculares BT,2169.01
2023-07-15,Laptop Pro,2513.74
2023-07-15,Monitor 4K,2628.56
2023-07-15,Teclado Mecanico,2691.97
2023-07-15,Mouse Inalambrico,2241.72
2023-07-15,Auriculares BT,2539.29
2023-07-16,Laptop Pro,3041.3
2023-07-16,Monitor 4K,2938.57
2023-07-16,Teclado Mecanico,2843.69
2023-07-16,Mouse Inalambrico,2864.51
2023-07-16,Auriculares BT,2540.98
2023-07-17,Laptop Pro,2788.75
2023-07-17,Monitor 4K,3274.77
2023-07-17,Teclado Mecanico,3008.78
2023-07-17,Mouse Inalambrico,3072.57
2023-07-17,Auriculares BT,2962.45
2023-07-18,Laptop Pro,3084.55
2023-07-18,Monitor 4K,3209.68
2023-07-18,Teclado Mecanico,2958.76
2023-07-18,Mouse Inalambrico,3176.83
2023-07-18,Auriculares BT,3212.34
2023-07-19,Laptop Pro,2865.59
2023-07-19,Monitor 4K,2732.33
2023-07-19,Teclado Mecanico,3038.38
2023-07-19,Mouse Inalambrico,3255.58
2023-07-19,Auriculares BT,2760.81
2023-07-20,Laptop Pro,2682.58
2023-07-20,Monitor 4K,2613.54
2023-07-20,Teclado Mecanico,1905.04
2023-07-20,Mouse Inalambrico,2283.45
2023-07-20,Auriculares BT,2308.52
2023-07-21,Laptop Pro,2310.1
2023-07-21,Monitor 4K,2191.45
2023-07-21,Teclado Mecanico,2248.63
2023-07-21,Mouse Inalambrico,2281.01
2023-07-21,Auriculares BT,1973.97
2023-07-22,Laptop Pro,2089.65
2023-07-22,Monitor 4K,1994.38
2023-07-22,Teclado Mecanico,2204.9
2023-07-22,Mouse Inalambrico,2215.14
2023-07-22,Auriculares BT,2273.2
2023-07-23,Laptop Pro,2473.15
2023-07-23,Monitor 4K,2799.92
2023-07-23,Teclado Mecanico,2802.03
2023-07-23,Mouse Inalambrico,2927.91
2023-07-23,Auriculares BT,2760.87
2023-07-24,Laptop Pro,3035.45
2023-07-24,Monitor 4K,3132.83
2023-07-24,Teclado Mecanico,3120.3
2023-07-24,Mouse Inalambrico,2867.98
2023-07-24,Auriculares BT,3256.22
2023-07-25,Laptop Pro,3427.5
2023-07-25,Monitor 4K,3479.19
2023-07-25,Teclado Mecanico,3090.84
2023-07-25,Mouse Inalambrico,3148.65
2023-07-25,Auriculares BT,3167.07
2023-07-26,Laptop Pro,2801.76
2023-07-26,Monitor 4K,2926.13
2023-07-26,Teclado Mecanico,2778.03
2023-07-26,Mouse Inalambrico,2763.51
2023-07-26,Auriculares BT,3154.07
2023-07-27,Laptop Pro,2390.42
2023-07-27,Monitor 4K,2370.88
2023-07-27,Teclado Mecanico,2533.88
2023-07-27,Mouse Inalambrico,2387.54
2023-07-27,Auriculares BT,2415.8
2023-07-28,Laptop Pro,2063.42
2023-07-28,Monitor 4K,1832.05
2023-07-28,Teclado Mecanico,2069.94
2023-07-28,Mouse Inalambrico,1848.76
2023-07-28,Auriculares BT,2118.17
2023-07-29,Laptop Pro,1925.68
2023-07-29,Monitor 4K,2345.31
2023-07-29,Teclado Mecanico,2311.82
2023-07-29,Mouse Inalambrico,2218.05
2023-07-29,Auriculares BT,2141.94
2023-07-30,Laptop Pro,2625.53
2023-07-30,Monitor 4K,2149.27
2023-07-30,Teclado Mecanico,2322.91
2023-07-30,Mouse Inalambrico,2512.53
2023-07-30,Auriculares BT,2611.33
2023-07-31,Laptop Pro,2906.81
2023-07-31,Monitor 4K,2721.77
2023-07-31,Teclado Mecanico,2949.38
2023-07-31,Mouse Inalambrico,2831.95
2023-07-31,Auriculares BT,2708.97
2023-08-01,Laptop Pro,3074.75
2023-08-01,Monitor 4K,2966.85
2023-08-01,Teclado Mecanico,3248.14
2023-08-01,Mouse Inalambrico,3141.95
2023-08-01,Auriculares BT,3155.78
2023-08-02,Laptop Pro,2792.38
2023-08-02,Monitor 4K,2559.01
2023-08-02,Teclado Mecanico,2540.92
2023-08-02,Mouse Inalambrico,2433.82
2023-08-02,Auriculares BT,3303.85
2023-08-03,Laptop Pro,2068.12
2023-08-03,Monitor 4K,2242.04
2023-08-03,Teclado Mecanico,2211.93
2023-08-03,Mouse Inalambrico,2227.79
2023-08-03,Auriculares BT,2167.2
2023-08-04,Laptop Pro,1629.78
2023-08-04,Monitor 4K,1803.81
2023-08-04,Teclado Mecanico,1725.32
2023-08-04,Mouse Inalambrico,1978.1
2023-08-04,Auriculares BT,1866.61
2023-08-05,Laptop Pro,1952.66
2023-08-05,Monitor 4K,2133.27
2023-08-05,Teclado Mecanico,1973.53
2023-08-05,Mouse Inalambrico,2276.51
2023-08-05,Auriculares BT,2012.86
2023-08-06,Laptop Pro,2516.26
2023-08-06,Monitor 4K,2206.17
2023-08-06,Teclado Mecanico,2602.6
2023-08-06,Mouse Inalambrico,2390.19
2023-08-06,Auriculares BT,2552.98
2023-08-07,Laptop Pro,2918.5
2023-08-07,Monitor 4K,2817.81
2023-08-07,Teclado Mecanico,2895.99
2023-08-07,Mouse Inalambrico,2775.44
2023-08-07,Auriculares BT,3121.72
2023-08-08,Laptop Pro,3126.39
2023-08-08,Monitor 4K,3036.03
2023-08-08,Teclado Mecanico,2703.51
2023-08-08,Mouse Inalambrico,2719.67
2023-08-08,Auriculares BT,2806.76
2023-08-09,Laptop Pro,2610.64
2023-08-09,Monitor 4K,2749.25
2023-08-09,Teclado Mecanico,2480.34
2023-08-09,Mouse Inalambrico,2895.06
2023-08-09,Auriculares BT,2660.36
2023-08-10,Laptop Pro,1813.97
2023-08-10,Monitor 4K,2121.47
2023-08-10,Teclado Mecanico,1699.49
2023-08-10,Mouse Inalambrico,2066.18
2023-08-10,Auriculares BT,2106.7
2023-08-11,Laptop Pro,1814.84
2023-08-11,Monitor 4K,1871.88
2023-08-11,Teclado Mecanico,1858.11
2023-08-11,Mouse Inalambrico,1818.18
2023-08-11,Auriculares BT,2237.43
2023-08-12,Laptop Pro,2267.52
2023-08-12,Monitor 4K,1796.17
2023-08-12,Teclado Mecanico,2275.32
2023-08-12,Mouse Inalambrico,1700.27
2023-08-12,Auriculares BT,1861.62
2023-08-13,Laptop Pro,2711.71
2023-08-13,Monitor 4K,1958.76
2023-08-13,Teclado Mecanico,2521.63
2023-08-13,Mouse Inalambrico,2155.98
2023-08-13,Auriculares BT,2377.87
2023-08-14,Laptop Pro,2752.92
2023-08-14,Monitor 4K,3128.41
2023-08-14,Teclado Mecanico,2626.84
2023-08-14,Mouse Inalambrico,2775.16
2023-08-14,Auriculares BT,2914.37
2023-08-15,Laptop Pro,2826.69
2023-08-15,Monitor 4K,2712.63
2023-08-15,Teclado Mecanico,2865.21
2023-08-15,Mouse Inalambrico,2895.75
2023-08-15,Auriculares BT,3053.86
2023-08-16,Laptop Pro,2409.61
2023-08-16,Monitor 4K,2508.39
2023-08-16,Teclado Mecanico,2662.81
2023-08-16,Mouse Inalambrico,2564.78
2023-08-16,Auriculares BT,2561.16
2023-08-17,Laptop Pro,2152.79
2023-08-17,Monitor 4K,2017.02
2023-08-17,Teclado Mecanico,1996.25
2023-08-17,Mouse Inalambrico,2244.34
2023-08-17,Auriculares BT,1937.17
2023-08-18,Laptop Pro,2110.77
2023-08-18,Monitor 4K,1921.16
2023-08-18,Teclado Mecanico,1622.39
2023-08-18,Mouse Inalambrico,1934.3
2023-08-18,Auriculares BT,1911.15
2023-08-19,Laptop Pro,2118.87
2023-08-19,Monitor 4K,2198.21
2023-08-19,Teclado Mecanico,1893.15
2023-08-19,Mouse Inalambrico,1824.89
2023-08-19,Auriculares BT,1845.24
2023-08-20,Laptop Pro,2153.5
2023-08-20,Monitor 4K,2200.43
2023-08-20,Teclado Mecanico,2406.62
2023-08-20,Mouse Inalambrico,2352.78
2023-08-20,Auriculares BT,2251.45
2023-08-21,Laptop Pro,2585.53
2023-08-21,Monitor 4K,2802.76
2023-08-21,Teclado Mecanico,2632.86
2023-08-21,Mouse Inalambrico,2525.15
2023-08-21,Auriculares BT,2702.85
2023-08-22,Laptop Pro,2769.55
2023-08-22,Monitor 4K,2608.44
2023-08-22,Teclado Mecanico,2987.89
2023-08-22,Mouse Inalambrico,2991.66
2023-08-22,Auriculares BT,2830.63
2023-08-23,Laptop Pro,2571.04
2023-08-23,Monitor 4K,2650.3
2023-08-23,Teclado Mecanico,2538.65
2023-08-23,Mouse Inalambrico,2723.09
2023-08-23,Auriculares BT,2876.04
2023-08-24,Laptop Pro,2120.14
2023-08-24,Monitor 4K,2192.09
2023-08-24,Teclado Mecanico,2278.73
2023-08-24,Mouse Inalambrico,2036.43
2023-08-24,Auriculares BT,1878.38
2023-08-25,Laptop Pro,2007.99
2023-08-25,Monitor 4K,1513.04
2023-08-25,Teclado Mecanico,2184.56
2023-08-25,Mouse Inalambrico,2000.88
2023-08-25,Auriculares BT,1864.33
2023-08-26,Laptop Pro,1927.02
2023-08-26,Monitor 4K,2267.07
2023-08-26,Teclado Mecanico,1727.56
2023-08-26,Mouse Inalambrico,1684.76
2023-08-26,Auriculares BT,1797.17
2023-08-27,Laptop Pro,2249.01
2023-08-27,Monitor 4K,2100.08
2023-08-27,Teclado Mecanico,2332.14
2023-08-27,Mouse Inalambrico,2328.56
2023-08-27,Auriculares BT,2138.6
2023-08-28,Laptop Pro,3006.74
2023-08-28,Monitor 4K,2407.72
2023-08-28,Teclado Mecanico,2430.79
2023-08-28,Mouse Inalambrico,2761.36
2023-08-28,Auriculares BT,2644.64
2023-08-29,Laptop Pro,2860.27
2023-08-29,Monitor 4K,2652.93
2023-08-29,Teclado Mecanico,2570.06
2023-08-29,Mouse Inalambrico,2647.61
2023-08-29,Auriculares BT,2640.0
2023-08-30,Laptop Pro,2605.44
2023-08-30,Monitor 4K,2404.45
2023-08-30,Teclado Mecanico,2652.73
2023-08-30,Mouse Inalambrico,2618.06
2023-08-30,Auriculares BT,2708.56
2023-08-31,Laptop Pro,2241.14
2023-08-31,Monitor 4K,2217.87
2023-08-31,Teclado Mecanico,2214.97
2023-08-31,Mouse Inalambrico,1957.66
2023-08-31,Auriculares BT,2008.62
2023-09-01,Laptop Pro,1942.0
2023-09-01,Monitor 4K,2366.37
2023-09-01,Teclado Mecanico,2173.27
2023-09-01,Mouse Inalambrico,2388.33
2023-09-01,Auriculares BT,2413.52
2023-09-02,Laptop Pro,2129.3
2023-09-02,Monitor 4K,2196.95
2023-09-02,Teclado Mecanico,2329.85
2023-09-02,Mouse Inalambrico,2296.2
2023-09-02,Auriculares BT,2433.12
2023-09-03,Laptop Pro,2554.91
2023-09-03,Monitor 4K,2795.43
2023-09-03,Teclado Mecanico,2448.29
2023-09-03,Mouse Inalambrico,2354.97
2023-09-03,Auriculares BT,2929.32
2023-09-04,Laptop Pro,2911.41
2023-09-04,Monitor 4K,3060.49
2023-09-04,Teclado Mecanico,2889.0
2023-09-04,Mouse Inalambrico,2890.7
2023-09-04,Auriculares BT,3092.7
2023-09-05,Laptop Pro,3182.77
2023-09-05,Monitor 4K,3461.31
2023-09-05,Teclado Mecanico,3354.69
2023-09-05,Mouse Inalambrico,3212.57
2023-09-05,Auriculares BT,3416.33
2023-09-06,Laptop Pro,3213.57
2023-09-06,Monitor 4K,3072.52
2023-09-06,Teclado Mecanico,2908.99
2023-09-06,Mouse Inalambrico,3193.98
2023-09-06,Auriculares BT,3343.96
2023-09-07,Laptop Pro,2684.68
2023-09-07,Monitor 4K,2906.71
2023-09-07,Teclado Mecanico,2737.89
2023-09-07,Mouse Inalambrico,2722.35
2023-09-07,Auriculares BT,2334.54
2023-09-08,Laptop Pro,2055.76
2023-09-08,Monitor 4K,2268.57
2023-09-08,Teclado Mecanico,1944.58
2023-09-08,Mouse Inalambrico,2159.88
2023-09-08,Auriculares BT,2451.94
2023-09-09,Laptop Pro,2238.62
2023-09-09,Monitor 4K,2478.29
2023-09-09,Teclado Mecanico,2101.4
2023-09-09,Mouse Inalambrico,2272.92
2023-09-09,Auriculares BT,2576.34
2023-09-10,Laptop Pro,2801.12
2023-09-10,Monitor 4K,2817.48
2023-09-10,Teclado Mecanico,3100.37
2023-09-10,Mouse Inalambrico,3018.78
2023-09-10,Auriculares BT,2584.05
2023-09-11,Laptop Pro,3410.99
2023-09-11,Monitor 4K,3024.36
2023-09-11,Teclado Mecanico,3143.89
2023-09-11,Mouse Inalambrico,3150.45
2023-09-11,Auriculares BT,3362.02
2023-09-12,Laptop Pro,3015.4
2023-09-12,Monitor 4K,3331.63
2023-09-12,Teclado Mecanico,3346.06
2023-09-12,Mouse Inalambrico,3403.56
2023-09-12,Auriculares BT,3199.18
2023-09-13,Laptop Pro,3168.94
2023-09-13,Monitor 4K,2825.94
2023-09-13,Teclado Mecanico,3197.66
2023-09-13,Mouse Inalambrico,3038.7
2023-09-13,Auriculares BT,2688.24
2023-09-14,Laptop Pro,2613.7
2023-09-14,Monitor 4K,2567.97
2023-09-14,Teclado Mecanico,2460.98
2023-09-14,Mouse Inalambrico,2384.86
2023-09-14,Auriculares BT,2484.07
2023-09-15,Laptop Pro,1971.13
2023-09-15,Monitor 4K,2597.71
2023-09-15,Teclado Mecanico,2033.91
2023-09-15,Mouse Inalambrico,2127.31
2023-09-15,Auriculares BT,2488.54
2023-09-16,Laptop Pro,2471.31
2023-09-16,Monitor 4K,2498.36
2023-09-16,Teclado Mecanico,2657.65
2023-09-16,Mouse Inalambrico,2291.88
2023-09-16,Auriculares BT,2145.01
2023-09-17,Laptop Pro,2912.5
2023-09-17,Monitor 4K,2902.91
2023-09-17,Teclado Mecanico,2678.27
2023-09-17,Mouse Inalambrico,2490.53
2023-09-17,Auriculares BT,2991.48
2023-09-18,Laptop Pro,3248.39
2023-09-18,Monitor 4K,2858.53
2023-09-18,Teclado Mecanico,3289.21
2023-09-18,Mouse Inalambrico,2845.03
2023-09-18,Auriculares BT,3036.7
2023-09-19,Laptop Pro,3003.99
2023-09-19,Monitor 4K,3101.09
2023-09-19,Teclado Mecanico,3061.99
2023-09-19,Mouse Inalambrico,3105.99
2023-09-19,Auriculares BT,3373.51
2023-09-20,Laptop Pro,3016.17
2023-09-20,Monitor 4K,3083.0
2023-09-20,Teclado Mecanico,3175.72
2023-09-20,Mouse Inalambrico,2882.71
2023-09-20,Auriculares BT,2973.23
2023-09-21,Laptop Pro,2630.35
2023-09-21,Monitor 4K,2864.06
2023-09-21,Teclado Mecanico,2702.53
2023-09-21,Mouse Inalambrico,2799.03
2023-09-21,Auriculares BT,2726.51
2023-09-22,Laptop Pro,2463.23
2023-09-22,Monitor 4K,1894.84
2023-09-22,Teclado Mecanico,2427.95
2023-09-22,Mouse Inalambrico,2294.36
2023-09-22,Auriculares BT,2262.62
2023-09-23,Laptop Pro,2242.69
2023-09-23,Monitor 4K,2263.09
2023-09-23,Teclado Mecanico,2431.38
2023-09-23,Mouse Inalambrico,2516.14
2023-09-23,Auriculares BT,2048.59
2023-09-24,Laptop Pro,2782.73
2023-09-24,Monitor 4K,2626.97
2023-09-24,Teclado Mecanico,2548.95
2023-09-24,Mouse Inalambrico,2817.63
2023-09-24,Auriculares BT,2673.37
2023-09-25,Laptop Pro,2998.5
2023-09-25,Monitor 4K,2976.48
2023-09-25,Teclado Mecanico,3186.57
2023-09-25,Mouse Inalambrico,3128.3
2023-09-25,Auriculares BT,2911.98
2023-09-26,Laptop Pro,3059.18
2023-09-26,Monitor 4K,3190.88
2023-09-26,Teclado Mecanico,3308.41
2023-09-26,Mouse Inalambrico,3017.44
2023-09-26,Auriculares BT,3325.0
2023-09-27,Laptop Pro,2792.81
2023-09-27,Monitor 4K,3503.16
2023-09-27,Teclado Mecanico,2769.41
2023-09-27,Mouse Inalambrico,2799.59
2023-09-27,Auriculares BT,2996.42
2023-09-28,Laptop Pro,2344.25
2023-09-28,Monitor 4K,2690.25
2023-09-28,Teclado Mecanico,2885.01
2023-09-28,Mouse Inalambrico,2447.2
2023-09-28,Auriculares BT,2559.28
2023-09-29,Laptop Pro,2151.88
2023-09-29,Monitor 4K,2255.43
2023-09-29,Teclado Mecanico,2541.78
2023-09-29,Mouse Inalambrico,2434.28
2023-09-29,Auriculares BT,2074.59
2023-09-30,Laptop Pro,2662.63
2023-09-30,Monitor 4K,2585.86
2023-09-30,Teclado Mecanico,2450.72
2023-09-30,Mouse Inalambrico,2221.6
2023-09-30,Auriculares BT,2366.59
2023-10-01,Laptop Pro,2586.97
2023-10-01,Monitor 4K,2839.59
2023-10-01,Teclado Mecanico,2682.77
2023-10-01,Mouse Inalambrico,2299.07
2023-10-01,Auriculares BT,2931.31
2023-10-02,Laptop Pro,3177.21
2023-10-02,Monitor 4K,3354.62
2023-10-02,Teclado Mecanico,3111.69
2023-10-02,Mouse Inalambrico,3176.62
2023-10-02,Auriculares BT,3361.99
2023-10-03,Laptop Pro,3315.21
2023-10-03,Monitor 4K,3295.25
2023-10-03,Teclado Mecanico,3880.53
2023-10-03,Mouse Inalambrico,3203.85
2023-10-03,Auriculares BT,3271.49
2023-10-04,Laptop Pro,3316.35
2023-10-04,Monitor 4K,2808.54
2023-10-04,Teclado Mecanico,2761.34
2023-10-04,Mouse Inalambrico,2683.13
2023-10-04,Auriculares BT,3076.27
2023-10-05,Laptop Pro,2663.44
2023-10-05,Monitor 4K,2686.61
2023-10-05,Teclado Mecanico,2267.6
2023-10-05,Mouse Inalambrico,2739.48
2023-10-05,Auriculares BT,2777.76
2023-10-06,Laptop Pro,2251.21
2023-10-06,Monitor 4K,2277.19
2023-10-06,Teclado Mecanico,2405.8
2023-10-06,Mouse Inalambrico,2344.1
2023-10-06,Auriculares BT,2399.07
2023-10-07,Laptop Pro,2153.13
2023-10-07,Monitor 4K,2335.42
2023-10-07,Teclado Mecanico,2127.85
2023-10-07,Mouse Inalambrico,2496.6
2023-10-07,Auriculares BT,2476.39
2023-10-08,Laptop Pro,2744.86
2023-10-08,Monitor 4K,2823.99
2023-10-08,Teclado Mecanico,2453.32
2023-10-08,Mouse Inalambrico,2936.21
2023-10-08,Auriculares BT,2671.17
2023-10-09,Laptop Pro,3184.95
2023-10-09,Monitor 4K,3382.21
2023-10-09,Teclado Mecanico,3007.84
2023-10-09,Mouse Inalambrico,3398.58
2023-10-09,Auriculares BT,3183.95
2023-10-10,Laptop Pro,3265.16
2023-10-10,Monitor 4K,3370.73
2023-10-10,Teclado Mecanico,3010.11
2023-10-10,Mouse Inalambrico,3378.34
2023-10-10,Auriculares BT,3271.82
2023-10-11,Laptop Pro,3200.32
2023-10-11,Monitor 4K,2949.7
2023-10-11,Teclado Mecanico,2920.4
2023-10-11,Mouse Inalambrico,3066.99
2023-10-11,Auriculares BT,2981.19
2023-10-12,Laptop Pro,2328.69
2023-10-12,Monitor 4K,2524.69
2023-10-12,Teclado Mecanico,2817.01
2023-10-12,Mouse Inalambrico,2544.86
2023-10-12,Auriculares BT,2389.39
2023-10-13,Laptop Pro,2440.68
2023-10-13,Monitor 4K,1926.8
2023-10-13,Teclado Mecanico,1873.44
2023-10-13,Mouse Inalambrico,2296.66
2023-10-13,Auriculares BT,2333.68
2023-10-14,Laptop Pro,2442.89
2023-10-14,Monitor 4K,2220.25
2023-10-14,Teclado Mecanico,2368.71
2023-10-14,Mouse Inalambrico,2119.06
2023-10-14,Auriculares BT,2442.72
2023-10-15,Laptop Pro,2471.66
2023-10-15,Monitor 4K,2764.87
2023-10-15,Teclado Mecanico,2847.04
2023-10-15,Mouse Inalambrico,2443.39
2023-10-15,Auriculares BT,2690.22
2023-10-16,Laptop Pro,3348.49
2023-10-16,Monitor 4K,3500.66
2023-10-16,Teclado Mecanico,2890.07
2023-10-16,Mouse Inalambrico,3258.85
2023-10-16,Auriculares BT,2943.67
2023-10-17,Laptop Pro,3023.82
2023-10-17,Monitor 4K,3612.09
2023-10-17,Teclado Mecanico,3426.51
2023-10-17,Mouse Inalambrico,3132.03
2023-10-17,Auriculares BT,3336.68
2023-10-18,Laptop Pro,3156.43
2023-10-18,Monitor 4K,3064.3
2023-10-18,Teclado Mecanico,3477.49
2023-10-18,Mouse Inalambrico,3149.19
2023-10-18,Auriculares BT,2429.44
2023-10-19,Laptop Pro,2542.03
2023-10-19,Monitor 4K,2452.76
2023-10-19,Teclado Mecanico,2559.24
2023-10-19,Mouse Inalambrico,2602.76
2023-10-19,Auriculares BT,2469.84
2023-10-20,Laptop Pro,2118.71
2023-10-20,Monitor 4K,2608.37
2023-10-20,Teclado Mecanico,2455.16
2023-10-20,Mouse Inalambrico,2201.54
2023-10-20,Auriculares BT,2471.62
2023-10-21,Laptop Pro,2573.64
2023-10-21,Monitor 4K,2692.07
2023-10-21,Teclado Mecanico,2227.54
2023-10-21,Mouse Inalambrico,2594.58
2023-10-21,Auriculares BT,2317.05
2023-10-22,Laptop Pro,3067.12
2023-10-22,Monitor 4K,2797.63
2023-10-22,Teclado Mecanico,2381.76
2023-10-22,Mouse Inalambrico,2843.19
2023-10-22,Auriculares BT,2479.28
2023-10-23,Laptop Pro,3190.42
2023-10-23,Monitor 4K,3222.21
2023-10-23,Teclado Mecanico,3153.58
2023-10-23,Mouse Inalambrico,2936.46
2023-10-23,Auriculares BT,3010.7
2023-10-24,Laptop Pro,3168.51
2023-10-24,Monitor 4K,3287.81
2023-10-24,Teclado Mecanico,3595.13
2023-10-24,Mouse Inalambrico,3479.25
2023-10-24,Auriculares BT,3242.99
2023-10-25,Laptop Pro,3328.94
2023-10-25,Monitor 4K,2800.55
2023-10-25,Teclado Mecanico,3211.17
2023-10-25,Mouse Inalambrico,3039.12
2023-10-25,Auriculares BT,3121.43
2023-10-26,Laptop Pro,2775.45
2023-10-26,Monitor 4K,2511.84
2023-10-26,Teclado Mecanico,2807.99
2023-10-26,Mouse Inalambrico,2645.89
2023-10-26,Auriculares BT,3130.12
2023-10-27,Laptop Pro,2324.07
2023-10-27,Monitor 4K,2638.76
2023-10-27,Teclado Mecanico,2514.34
2023-10-27,Mouse Inalambrico,2150.1
2023-10-27,Auriculares BT,2657.05
2023-10-28,Laptop Pro,2277.3
2023-10-28,Monitor 4K,2042.98
2023-10-28,Teclado Mecanico,2660.04
2023-10-28,Mouse Inalambrico,2703.17
2023-10-28,Auriculares BT,2499.78
2023-10-29,Laptop Pro,2836.21
2023-10-29,Monitor 4K,3205.15
2023-10-29,Teclado Mecanico,3030.79
2023-10-29,Mouse Inalambrico,2757.24
2023-10-29,Auriculares BT,3034.72
2023-10-30,Laptop Pro,3039.0
2023-10-30,Monitor 4K,3175.87
2023-10-30,Teclado Mecanico,3077.44
2023-10-30,Mouse Inalambrico,2847.66
2023-10-30,Auriculares BT,3052.2
2023-10-31,Laptop Pro,3637.22
2023-10-31,Monitor 4K,3173.19
2023-10-31,Teclado Mecanico,3282.74
2023-10-31,Mouse Inalambrico,3160.56
2023-10-31,Auriculares BT,3565.87
2023-11-01,Laptop Pro,3131.22
2023-11-01,Monitor 4K,3229.13
2023-11-01,Teclado Mecanico,3109.84
2023-11-01,Mouse Inalambrico,2896.77
2023-11-01,Auriculares BT,2936.19
2023-11-02,Laptop Pro,2873.5
2023-11-02,Monitor 4K,2694.57
2023-11-02,Teclado Mecanico,2860.93
2023-11-02,Mouse Inalambrico,2073.53
2023-11-02,Auriculares BT,2928.07
2023-11-03,Laptop Pro,2345.89
2023-11-03,Monitor 4K,2879.25
2023-11-03,Teclado Mecanico,2342.53
2023-11-03,Mouse Inalambrico,2450.34
2023-11-03,Auriculares BT,2576.76
2023-11-04,Laptop Pro,2375.43
2023-11-04,Monitor 4K,2725.14
2023-11-04,Teclado Mecanico,2421.55
2023-11-04,Mouse Inalambrico,2808.41
2023-11-04,Auriculares BT,2709.23
2023-11-05,Laptop Pro,3050.19
2023-11-05,Monitor 4K,2806.22
2023-11-05,Teclado Mecanico,2908.95
2023-11-05,Mouse Inalambrico,3011.05
2023-11-05,Auriculares BT,2544.39
2023-11-06,Laptop Pro,3241.38
2023-11-06,Monitor 4K,3539.35
2023-11-06,Teclado Mecanico,3098.1
2023-11-06,Mouse Inalambrico,3607.53
2023-11-06,Auriculares BT,3226.07
2023-11-07,Laptop Pro,3522.88
2023-11-07,Monitor 4K,3228.7
2023-11-07,Teclado Mecanico,3555.11
2023-11-07,Mouse Inalambrico,3550.78
2023-11-07,Auriculares BT,3685.51
2023-11-08,Laptop Pro,3468.67
2023-11-08,Monitor 4K,3448.56
2023-11-08,Teclado Mecanico,3239.64
2023-11-08,Mouse Inalambrico,2952.62
2023-11-08,Auriculares BT,3462.61
2023-11-09,Laptop Pro,2513.47
2023-11-09,Monitor 4K,2686.56
2023-11-09,Teclado Mecanico,2921.72
2023-11-09,Mouse Inalambrico,2863.01
2023-11-09,Auriculares BT,3092.91
2023-11-10,Laptop Pro,2513.49
2023-11-10,Monitor 4K,2176.29
2023-11-10,Teclado Mecanico,2459.25
2023-11-10,Mouse Inalambrico,2549.11
2023-11-10,Auriculares BT,2444.18
2023-11-11,Laptop Pro,2904.04
2023-11-11,Monitor 4K,2572.03
2023-11-11,Teclado Mecanico,2334.38
2023-11-11,Mouse Inalambrico,2714.91
2023-11-11,Auriculares BT,2392.02
2023-11-12,Laptop Pro,3363.33
2023-11-12,Monitor 4K,3077.37
2023-11-12,Teclado Mecanico,2742.7
2023-11-12,Mouse Inalambrico,3239.23
2023-11-12,Auriculares BT,3497.2
2023-11-13,Laptop Pro,3024.53
2023-11-13,Monitor 4K,3605.95
2023-11-13,Teclado Mecanico,3522.14
2023-11-13,Mouse Inalambrico,3460.47
2023-11-13,Auriculares BT,3494.0
2023-11-14,Laptop Pro,3631.51
2023-11-14,Monitor 4K,3394.53
2023-11-14,Teclado Mecanico,3815.33
2023-11-14,Mouse Inalambrico,3263.23
2023-11-14,Auriculares BT,3924.84
2023-11-15,Laptop Pro,3579.56
2023-11-15,Monitor 4K,3036.8
2023-11-15,Teclado Mecanico,3272.95
2023-11-15,Mouse Inalambrico,3558.0
2023-11-15,Auriculares BT,3175.83
2023-11-16,Laptop Pro,2819.25
2023-11-16,Monitor 4K,2771.26
2023-11-16,Teclado Mecanico,3085.23
2023-11-16,Mouse Inalambrico,2730.2
2023-11-16,Auriculares BT,2849.77
2023-11-17,Laptop Pro,2701.01
2023-11-17,Monitor 4K,2551.45
2023-11-17,Teclado Mecanico,2419.68
2023-11-17,Mouse Inalambrico,2324.66
2023-11-17,Auriculares BT,2289.32
2023-11-18,Laptop Pro,2465.48
2023-11-18,Monitor 4K,2357.33
2023-11-18,Teclado Mecanico,2556.07
2023-11-18,Mouse Inalambrico,2761.49
2023-11-18,Auriculares BT,2712.26
2023-11-19,Laptop Pro,2939.12
2023-11-19,Monitor 4K,2900.84
2023-11-19,Teclado Mecanico,2905.77
2023-11-19,Mouse Inalambrico,2826.87
2023-11-19,Auriculares BT,2857.27
2023-11-20,Laptop Pro,3650.48
2023-11-20,Monitor 4K,3226.69
2023-11-20,Teclado Mecanico,3511.07
2023-11-20,Mouse Inalambrico,3384.0
2023-11-20,Auriculares BT,3993.2
2023-11-21,Laptop Pro,3257.17
2023-11-21,Monitor 4K,3655.22
2023-11-21,Teclado Mecanico,3549.81
2023-11-21,Mouse Inalambrico,3462.33
2023-11-21,Auriculares BT,3679.6
2023-11-22,Laptop Pro,3389.71
2023-11-22,Monitor 4K,3144.81
2023-11-22,Teclado Mecanico,3443.85
2023-11-22,Mouse Inalambrico,3436.43
2023-11-22,Auriculares BT,3620.49
2023-11-23,Laptop Pro,2815.43
2023-11-23,Monitor 4K,3231.51
2023-11-23,Teclado Mecanico,2898.06
2023-11-23,Mouse Inalambrico,2542.22
2023-11-23,Auriculares BT,3042.04
2023-11-24,Laptop Pro,10663.44
2023-11-24,Monitor 4K,10503.28
2023-11-24,Teclado Mecanico,10866.4
2023-11-24,Mouse Inalambrico,10585.43
2023-11-24,Auriculares BT,10883.13
2023-11-25,Laptop Pro,2772.76
2023-11-25,Monitor 4K,2939.37
2023-11-25,Teclado Mecanico,2925.2
2023-11-25,Mouse Inalambrico,2883.94
2023-11-25,Auriculares BT,2582.89
2023-11-26,Laptop Pro,3377.3
2023-11-26,Monitor 4K,3197.71
2023-11-26,Teclado Mecanico,3593.81
2023-11-26,Mouse Inalambrico,3289.09
2023-11-26,Auriculares BT,3343.59
2023-11-27,Laptop Pro,3444.58
2023-11-27,Monitor 4K,3516.33
2023-11-27,Teclado Mecanico,3616.9
2023-11-27,Mouse Inalambrico,3363.46
2023-11-27,Auriculares BT,3363.5
2023-11-28,Laptop Pro,3685.8
2023-11-28,Monitor 4K,3691.94
2023-11-28,Teclado Mecanico,3747.93
2023-11-28,Mouse Inalambrico,3930.94
2023-11-28,Auriculares BT,3627.45
2023-11-29,Laptop Pro,3586.71
2023-11-29,Monitor 4K,3421.61
2023-11-29,Teclado Mecanico,3411.74
2023-11-29,Mouse Inalambrico,3501.95
2023-11-29,Auriculares BT,3036.99
2023-11-30,Laptop Pro,3043.6
2023-11-30,Monitor 4K,2902.67
2023-11-30,Teclado Mecanico,2844.36
2023-11-30,Mouse Inalambrico,2652.93
2023-11-30,Auriculares BT,2941.75
2023-12-01,Laptop Pro,2398.11
2023-12-01,Monitor 4K,2947.62
2023-12-01,Teclado Mecanico,2725.74
2023-12-01,Mouse Inalambrico,2437.18
2023-12-01,Auriculares BT,2638.89
2023-12-02,Laptop Pro,3035.05
2023-12-02,Monitor 4K,2765.09
2023-12-02,Teclado Mecanico,2827.82
2023-12-02,Mouse Inalambrico,2810.23
2023-12-02,Auriculares BT,2858.41
2023-12-03,Laptop Pro,2949.06
2023-12-03,Monitor 4K,3279.92
2023-12-03,Teclado Mecanico,3177.39
2023-12-03,Mouse Inalambrico,3879.77
2023-12-03,Auriculares BT,3246.41
2023-12-04,Laptop Pro,3602.95
2023-12-04,Monitor 4K,3891.77
2023-12-04,Teclado Mecanico,3662.87
2023-12-04,Mouse Inalambrico,3744.74
2023-12-04,Auriculares BT,3519.25
2023-12-05,Laptop Pro,4115.93
2023-12-05,Monitor 4K,3679.35
2023-12-05,Teclado Mecanico,3879.95
2023-12-05,Mouse Inalambrico,4031.35
2023-12-05,Auriculares BT,3743.98
2023-12-06,Laptop Pro,3548.69
2023-12-06,Monitor 4K,3666.02
2023-12-06,Teclado Mecanico,3685.26
2023-12-06,Mouse Inalambrico,3330.7
2023-12-06,Auriculares BT,3585.02
2023-12-07,Laptop Pro,2940.23
2023-12-07,Monitor 4K,2980.23
2023-12-07,Teclado Mecanico,2999.63
2023-12-07,Mouse Inalambrico,3372.5
2023-12-07,Auriculares BT,3448.62
2023-12-08,Laptop Pro,3394.44
2023-12-08,Monitor 4K,2862.04
2023-12-08,Teclado Mecanico,2705.06
2023-12-08,Mouse Inalambrico,2679.45
2023-12-08,Auriculares BT,3194.84
2023-12-09,Laptop Pro,2676.88
2023-12-09,Monitor 4K,2921.16
2023-12-09,Teclado Mecanico,2871.34
2023-12-09,Mouse Inalambrico,3334.55
2023-12-09,Auriculares BT,2781.88
2023-12-10,Laptop Pro,3610.55
2023-12-10,Monitor 4K,3652.89
2023-12-10,Teclado Mecanico,3356.87
2023-12-10,Mouse Inalambrico,3483.32
2023-12-10,Auriculares BT,3082.48
2023-12-11,Laptop Pro,3778.33
2023-12-11,Monitor 4K,3752.97
2023-12-11,Teclado Mecanico,3280.06
2023-12-11,Mouse Inalambrico,3879.05
2023-12-11,Auriculares BT,3867.01
2023-12-12,Laptop Pro,3568.77
2023-12-12,Monitor 4K,3624.99
2023-12-12,Teclado Mecanico,3757.59
2023-12-12,Mouse Inalambrico,3801.61
2023-12-12,Auriculares BT,3846.17
2023-12-13,Laptop Pro,3460.3
2023-12-13,Monitor 4K,3450.35
2023-12-13,Teclado Mecanico,3713.23
2023-12-13,Mouse Inalambrico,3556.88
2023-12-13,Auriculares BT,3630.57
2023-12-14,Laptop Pro,3187.19
2023-12-14,Monitor 4K,3324.56
2023-12-14,Teclado Mecanico,3202.27
2023-12-14,Mouse Inalambrico,3405.43
2023-12-14,Auriculares BT,3253.72
2023-12-15,Laptop Pro,3155.56
2023-12-15,Monitor 4K,3227.17
2023-12-15,Teclado Mecanico,2685.66
2023-12-15,Mouse Inalambrico,3162.15
2023-12-15,Auriculares BT,3334.31
2023-12-16,Laptop Pro,2895.01
2023-12-16,Monitor 4K,3083.14
2023-12-16,Teclado Mecanico,3018.08
2023-12-16,Mouse Inalambrico,3177.68
2023-12-16,Auriculares BT,3193.52
2023-12-17,Laptop Pro,3361.86
2023-12-17,Monitor 4K,3758.23
2023-12-17,Teclado Mecanico,3324.38
2023-12-17,Mouse Inalambrico,3468.05
2023-12-17,Auriculares BT,3700.44
2023-12-18,Laptop Pro,4292.67
2023-12-18,Monitor 4K,3799.45
2023-12-18,Teclado Mecanico,4058.44
2023-12-18,Mouse Inalambrico,3945.99
2023-12-18,Auriculares BT,3585.49
2023-12-19,Laptop Pro,3822.89
2023-12-19,Monitor 4K,3772.97
2023-12-19,Teclado Mecanico,3913.26
2023-12-19,Mouse Inalambrico,3930.57
2023-12-19,Auriculares BT,4019.52
2023-12-20,Laptop Pro,4014.4
2023-12-20,Monitor 4K,3843.35
2023-12-20,Teclado Mecanico,4289.47
2023-12-20,Mouse Inalambrico,3710.17
2023-12-20,Auriculares BT,3916.71
2023-12-21,Laptop Pro,3423.36
2023-12-21,Monitor 4K,3641.79
2023-12-21,Teclado Mecanico,3264.73
2023-12-21,Mouse Inalambrico,3509.53
2023-12-21,Auriculares BT,3666.29
2023-12-22,Laptop Pro,2941.34
2023-12-22,Monitor 4K,3070.53
2023-12-22,Teclado Mecanico,3186.36
2023-12-22,Mouse Inalambrico,2998.55
2023-12-22,Auriculares BT,2910.45
2023-12-23,Laptop Pro,3564.18
2023-12-23,Monitor 4K,3151.71
2023-12-23,Teclado Mecanico,3544.46
2023-12-23,Mouse Inalambrico,3095.95
2023-12-23,Auriculares BT,3156.22
2023-12-24,Laptop Pro,3763.6
2023-12-24,Monitor 4K,3562.97
2023-12-24,Teclado Mecanico,3424.4
2023-12-24,Mouse Inalambrico,3460.19
2023-12-24,Auriculares BT,3658.71
2023-12-25,Laptop Pro,3877.53
2023-12-25,Monitor 4K,4028.36
2023-12-25,Teclado Mecanico,3559.29
2023-12-25,Mouse Inalambrico,3899.12
2023-12-25,Auriculares BT,3974.69
2023-12-26,Laptop Pro,4020.45
2023-12-26,Monitor 4K,3924.27
2023-12-26,Teclado Mecanico,3946.28
2023-12-26,Mouse Inalambrico,4137.09
2023-12-26,Auriculares BT,4420.39
2023-12-27,Laptop Pro,3588.48
2023-12-27,Monitor 4K,3812.92
2023-12-27,Teclado Mecanico,4063.58
2023-12-27,Mouse Inalambrico,3935.06
2023-12-27,Auriculares BT,3849.42
2023-12-28,Laptop Pro,3359.87
2023-12-28,Monitor 4K,3452.67
2023-12-28,Teclado Mecanico,3429.8
2023-12-28,Mouse Inalambrico,3012.72
2023-12-28,Auriculares BT,3306.86
2023-12-29,Laptop Pro,2805.32
2023-12-29,Monitor 4K,3453.45
2023-12-29,Teclado Mecanico,3359.77
2023-12-29,Mouse Inalambrico,3037.59
2023-12-29,Auriculares BT,3356.22
2023-12-30,Laptop Pro,3797.28
2023-12-30,Monitor 4K,3182.93
2023-12-30,Teclado Mecanico,3567.4
2023-12-30,Mouse Inalambrico,3380.05
2023-12-30,Auriculares BT,3260.21
2023-12-31,Laptop Pro,3493.05
2023-12-31,Monitor 4K,3603.04
2023-12-31,Teclado Mecanico,3635.25
2023-12-31,Mouse Inalambrico,3251.07
2023-12-31,Auriculares BT,3820.32
