semana_fiscal,tienda,trafico,transacciones,tasa_conversion_pct
1,Tienda Norte,2507,415,16.6
1,Tienda Sur,1097,163,14.9
1,Tienda Centro,1651,256,15.5
1,Tienda Oriente,1449,219,15.1
1,Tienda Poniente,1427,239,16.8
2,Tienda Norte,1800,254,14.1
2,Tienda Sur,798,94,11.8
2,Tienda Centro,1290,164,12.8
2,Tienda Oriente,1101,133,12.2
2,Tienda Poniente,1108,134,12.2
3,Tienda Norte,2027,353,17.4
3,Tienda Sur,1134,144,12.7
3,Tienda Centro,1620,222,13.7
3,Tienda Oriente,1276,184,14.4
3,Tienda Poniente,1477,242,16.4
4,Tienda Norte,1616,227,14.1
4,Tienda Sur,1004,113,11.3
4,Tienda Centro,1481,190,12.8
4,Tienda Oriente,993,112,11.3
4,Tienda Poniente,1078,143,13.3
5,Tienda Norte,2179,317,14.6
5,Tienda Sur,1065,145,13.7
5,Tienda Centro,1700,226,13.3
5,Tienda Oriente,1458,181,12.5
5,Tienda Poniente,1558,257,16.6
6,Tienda Norte,1908,233,12.2
6,Tienda Sur,906,90,10.0
6,Tienda Centro,1390,148,10.7
6,Tienda Oriente,1170,117,10.0
6,Tienda Poniente,1328,132,10.0
7,Tienda Norte,1798,215,12.0
7,Tienda Sur,869,103,11.9
7,Tienda Centro,1271,167,13.2
7,Tienda Oriente,1206,142,11.8
7,Tienda Poniente,1072,134,12.5
8,Tienda Norte,2447,385,15.8
8,Tienda Sur,1113,143,12.9
8,Tienda Centro,1970,332,16.9
8,Tienda Oriente,1575,245,15.6
8,Tienda Poniente,1588,237,14.9
9,Tienda Norte,1791,248,13.9
9,Tienda Sur,955,95,10.0
9,Tienda Centro,1234,135,11.0
9,Tienda Oriente,1212,127,10.5
9,Tienda Poniente,1168,146,12.5
10,Tienda Norte,2653,438,16.5
10,Tienda Sur,1145,176,15.4
10,Tienda Centro,1702,257,15.1
10,Tienda Oriente,1315,220,16.8
10,Tienda Poniente,1516,257,17.0
11,Tienda Norte,2272,427,18.8
11,Tienda Sur,1229,176,14.3
11,Tienda Centro,1815,269,14.9
11,Tienda Oriente,1546,210,13.6
11,Tienda Poniente,1605,252,15.7
12,Tienda Norte,1703,222,13.1
12,Tienda Sur,832,91,11.0
12,Tienda Centro,1255,136,10.8
12,Tienda Oriente,1005,105,10.5
12,Tienda Poniente,1308,165,12.6
13,Tienda Norte,2252,376,16.7
13,Tienda Sur,993,140,14.1
13,Tienda Centro,1633,233,14.3
13,Tienda Oriente,1316,187,14.2
13,Tienda Poniente,1532,217,14.2
14,Tienda Norte,1941,222,11.4
14,Tienda Sur,846,86,10.2
14,Tienda Centro,1524,172,11.3
14,Tienda Oriente,1053,114,10.9
14,Tienda Poniente,1279,155,12.1
15,Tienda Norte,1910,277,14.5
15,Tienda Sur,895,101,11.3
15,Tienda Centro,1494,180,12.1
15,Tienda Oriente,1101,123,11.2
15,Tienda Poniente,1306,160,12.3
16,Tienda Norte,2192,336,15.4
16,Tienda Sur,1086,129,11.9
16,Tienda Centro,1447,206,14.3
16,Tienda Oriente,1157,147,12.7
16,Tienda Poniente,1473,194,13.2
17,Tienda Norte,1977,265,13.4
17,Tienda Sur,913,102,11.2
17,Tienda Centro,1251,135,10.9
17,Tienda Oriente,1158,134,11.6
17,Tienda Poniente,1240,166,13.4
18,Tienda Norte,2041,301,14.8
18,Tienda Sur,1201,141,11.8
18,Tienda Centro,1686,248,14.8
18,Tienda Oriente,1464,183,12.5
18,Tienda Poniente,1509,208,13.8
19,Tienda Norte,2225,375,16.9
19,Tienda Sur,1219,149,12.3
19,Tienda Centro,1854,258,13.9
19,Tienda Oriente,1343,209,15.6
19,Tienda Poniente,1626,234,14.4
20,Tienda Norte,2061,320,15.6
20,Tienda Sur,1248,159,12.7
20,Tienda Centro,1944,321,16.6
20,Tienda Oriente,1538,247,16.1
20,Tienda Poniente,1609,280,17.4
21,Tienda Norte,2727,558,20.5
21,Tienda Sur,1210,198,16.4
21,Tienda Centro,2347,413,17.6
21,Tienda Oriente,1735,277,16.0
21,Tienda Poniente,1792,341,19.1
22,Tienda Norte,2778,512,18.5
22,Tienda Sur,1295,190,14.7
22,Tienda Centro,2067,391,18.9
22,Tienda Oriente,1551,264,17.1
22,Tienda Poniente,1763,302,17.2
23,Tienda Norte,2638,459,17.4
23,Tienda Sur,1294,214,16.6
23,Tienda Centro,1869,324,17.4
23,Tienda Oriente,1480,243,16.4
23,Tienda Poniente,1555,274,17.6
24,Tienda Norte,2596,436,16.8
24,Tienda Sur,1172,161,13.8
24,Tienda Centro,1734,290,16.8
24,Tienda Oriente,1603,248,15.5
24,Tienda Poniente,1599,261,16.3
25,Tienda Norte,2193,409,18.7
25,Tienda Sur,1164,169,14.6
25,Tienda Centro,1723,251,14.6
25,Tienda Oriente,1261,179,14.2
25,Tienda Poniente,1529,251,16.4
26,Tienda Norte,2313,324,14.0
26,Tienda Sur,1226,143,11.7
26,Tienda Centro,1828,238,13.0
26,Tienda Oriente,1388,161,11.6
26,Tienda Poniente,1649,229,13.9
27,Tienda Norte,1750,247,14.2
27,Tienda Sur,884,100,11.3
27,Tienda Centro,1240,151,12.2
27,Tienda Oriente,1217,137,11.3
27,Tienda Poniente,1306,170,13.1
28,Tienda Norte,1592,192,12.1
28,Tienda Sur,863,101,11.8
28,Tienda Centro,1452,177,12.2
28,Tienda Oriente,1195,132,11.1
28,Tienda Poniente,1098,136,12.5
29,Tienda Norte,2371,350,14.8
29,Tienda Sur,1078,133,12.4
29,Tienda Centro,1622,214,13.2
29,Tienda Oriente,1449,188,13.0
29,Tienda Poniente,1539,217,14.1
30,Tienda Norte,2298,356,15.5
30,Tienda Sur,1194,167,14.1
30,Tienda Centro,1790,262,14.7
30,Tienda Oriente,1477,198,13.4
30,Tienda Poniente,1722,281,16.3
31,Tienda Norte,1847,192,10.4
31,Tienda Sur,796,79,10.0
31,Tienda Centro,1475,147,10.0
31,Tienda Oriente,1041,104,10.0
31,Tienda Poniente,1306,131,10.1
32,Tienda Norte,2259,379,16.8
32,Tienda Sur,1225,149,12.2
32,Tienda Centro,1818,276,15.2
32,Tienda Oriente,1446,192,13.3
32,Tienda Poniente,1618,269,16.7
33,Tienda Norte,1703,244,14.4
33,Tienda Sur,803,87,10.9
33,Tienda Centro,1261,141,11.3
33,Tienda Oriente,1136,134,11.9
33,Tienda Poniente,1194,142,12.0
34,Tienda Norte,2183,342,15.7
34,Tienda Sur,1049,133,12.7
34,Tienda Centro,1664,233,14.0
34,Tienda Oriente,1200,164,13.7
34,Tienda Poniente,1365,218,16.0
35,Tienda Norte,1996,276,13.8
35,Tienda Sur,863,92,10.7
35,Tienda Centro,1480,167,11.3
35,Tienda Oriente,1179,122,10.4
35,Tienda Poniente,1334,169,12.7
36,Tienda Norte,2397,403,16.8
36,Tienda Sur,1219,162,13.3
36,Tienda Centro,1578,222,14.1
36,Tienda Oriente,1456,227,15.6
36,Tienda Poniente,1402,220,15.7
37,Tienda Norte,1921,243,12.7
37,Tienda Sur,842,95,11.4
37,Tienda Centro,1271,147,11.6
37,Tienda Oriente,1124,128,11.4
37,Tienda Poniente,1329,166,12.6
38,Tienda Norte,2112,313,14.8
38,Tienda Sur,1162,137,11.8
38,Tienda Centro,1484,207,14.0
38,Tienda Oriente,1416,184,13.0
38,Tienda Poniente,1428,198,13.9
39,Tienda Norte,1704,207,12.2
39,Tienda Sur,977,97,10.0
39,Tienda Centro,1552,157,10.1
39,Tienda Oriente,1003,100,10.0
39,Tienda Poniente,1332,133,10.0
40,Tienda Norte,2295,395,17.2
40,Tienda Sur,1187,161,13.6
40,Tienda Centro,1850,245,13.3
40,Tienda Oriente,1381,206,14.9
40,Tienda Poniente,1447,197,13.7
41,Tienda Norte,2136,348,16.3
41,Tienda Sur,1101,155,14.1
41,Tienda Centro,1612,217,13.5
41,Tienda Oriente,1427,223,15.6
41,Tienda Poniente,1494,243,16.3
42,Tienda Norte,1890,201,10.6
42,Tienda Sur,963,96,10.0
42,Tienda Centro,1468,146,10.0
42,Tienda Oriente,1069,106,10.0
42,Tienda Poniente,1093,116,10.7
43,Tienda Norte,3482,882,25.3
43,Tienda Sur,1782,326,18.3
43,Tienda Centro,2576,601,23.3
43,Tienda Oriente,2000,425,21.3
43,Tienda Poniente,1955,458,23.4
44,Tienda Norte,2233,413,18.5
44,Tienda Sur,1117,162,14.5
44,Tienda Centro,1776,284,16.0
44,Tienda Oriente,1402,231,16.5
44,Tienda Poniente,1690,314,18.6
45,Tienda Norte,2514,449,17.9
45,Tienda Sur,1199,169,14.1
45,Tienda Centro,1938,298,15.4
45,Tienda Oriente,1388,201,14.5
45,Tienda Poniente,1382,213,15.4
46,Tienda Norte,2501,436,17.4
46,Tienda Sur,1193,159,13.4
46,Tienda Centro,1732,301,17.4
46,Tienda Oriente,1592,238,15.0
46,Tienda Poniente,1781,307,17.3
47,Tienda Norte,2861,527,18.4
47,Tienda Sur,1497,240,16.0
47,Tienda Centro,1917,315,16.4
47,Tienda Oriente,1477,227,15.4
47,Tienda Poniente,1919,384,20.0
